Garanhão,Data de Produção (Embriovet),Origem Externa / Referência,Palhetas Produzidas,Qualidade (%),Motilidade (%),Concentração (milhões/mL),Dose inseminante (DI),Local Armazenagem,Certificado,Existência Atual,Observações,Proprietário
Niro das figueiras,,Espanha,,,,,3,,,43,
Niro das figueiras,2024-03-20,,29,,,,6,,,17,
Niro das figueiras,2024-03-22,,36,,,,6,,,36,
Niro das figueiras,2024-03-25,,40,60.0,,264,6,,,40,
Niro das figueiras,2024-03-26,,34,60.0,,207,6,,,34,
Niro das figueiras,2024-03-27,,46,50.0,,229,6,,,46,
Niro das figueiras,2024-03-28,,39,60.0,,165,6,,,29,
Niro das figueiras,2024-03-29,,27,60.0,,284,6,,,17,
Niro das figueiras,2024-03-30,,31,60.0,,277,6,,,19,
Niro das figueiras,2024-03-31,,25,,,,6,,,9,
Niro das figueiras,2024-04-01,,37,50.0,,189,6,,,21,
Niro das figueiras,2024-04-02,,38,50.0,,,6,,,2,
Niro das figueiras,2024-04-03,,47,60.0,,268,6,,,16,
Niro das figueiras,2024-04-04,,15,50.0,,164,6,,,8,
Niro das figueiras,2024-04-05,,36,70.0,,209,6,,,36,
Poeta das Figueiras,,Espanha,,,,,3,,,2,
Poeta das Figueiras,2024-01-10,,27,,,,3,,,27,
Poeta das Figueiras,2024-01-11,,58,70.0,,247,3,,,52,
Poeta das Figueiras,2024-01-12,,40,70.0,,268,3,,,40,
Poeta das Figueiras,2024-01-13,,44,60.0,,257,3,,,44,
Poeta das Figueiras,2024-01-14,,48,60.0,,282,3,,,24,
Poeta das Figueiras,2024-01-15,,45,70.0,,279,3,,,45,
Poeta das Figueiras,2024-01-16,,42,70.0,,246,3,,,42,
Poeta das Figueiras,2024-01-17,,24,60.0,,184,3,,,24,
Poeta das Figueiras,2024-01-18,,35,70.0,,236,3,,,35,
Poeta das Figueiras,2024-01-19,,41,70.0,,160,3,,,41,
Poeta das Figueiras,2024-01-20,,25,60.0,,243,3,,,25,
Poeta das Figueiras,2024-01-21,,31,60.0,,156,3,,,31,
Poeta das Figueiras,2024-01-22,,55,60.0,,196,3,,,45,
Poeta das Figueiras,2024-01-23,,49,50.0,,194,3,,,49,
Poeta das Figueiras,2024-01-24,,47,70.0,,250,3,,,47,
Poeta das Figueiras,2024-01-25,,41,50.0,,235,3,,,41,
Poeta das Figueiras,,26/01/2024,46,60.0,,146,3,,,17,
Oscar das Figueiras,,espanha,,,,,4,,,3,
Oscar das Figueiras,2024-02-14,,27,35.0,,254,4,,,10,
Oscar das Figueiras,2024-01-14,,26,40.0,,272,4,,,10,
Oscar das Figueiras,2024-01-16,,35,,,,4,,,9,
Oscar das Figueiras,2024-01-19,,21,40.0,,280,4,,,1,
Oscar das Figueiras,2024-01-20,,42,25.0,,,4,,,35,
Oscar das Figueiras,2024-01-22,,30,40.0,,365,4,,,28,
Oscar das Figueiras,2024-01-25,,21,,,,4,,,17,
Oscar das Figueiras,,22.12.23,37,25.0,15.0,170,4,C3C1,,37,
Oscar das Figueiras,,24.12.23,35,15.0,10.0,360,4,C13C1,,35,
Oscar das Figueiras,,26.12.23,54,35.0,,126,4,C13C3,,54,
Oscar das Figueiras,,27.12.23,61,30.0,20.0,160,4,C7C2,,61,
Oscar das Figueiras,,28.12.23,21,45.0,35.0,261,4,C8C8,,21,
Oscar das Figueiras,,29.12.23,21,20.0,15.0,218,4,C1C8,,21,
Oscar das Figueiras,,30.12.23,21,35.0,25.0,385,4,C1C8,,21,
Oscar das Figueiras,,02.01.24,27,35.0,25.0,372,4,C9C2,,27,
Oscar das Figueiras,,03.01.26,17,25.0,15.0,190,4,C9C2,,17,
Feelgood,,Alemanha,512,,,,,,,487,
Aladino,2021-10-28,,32,50.0,40.0,180,8,,,32,
Aladino,2021-11-01,,45,50.0,40.0,176,8,,,45,
Bacará da Broa,2014-02-06,,34,,,,8,"3 | 10, 2º andar | quadrante 1",,13,
Bacará da Broa,2014-02-06,,35,,,,8,"3 | 10, 2º andar | quadrante 1",,22,
Bacará da Broa,2014-02-12,,15,,,,8,"3 | 10, 2º andar | gobelet",,6,
Bacará da Broa,2014-02-12,,14,,,,8,"3 | 10, 2º andar | gobelet",,7,
Bacará da Broa,2014-02-14,,67,,,,8,"3 | 10, 2º andar | quadrante 2",,19,
Bacará da Broa,2014-02-17,,40,,,,8,"3 | 10, 2º andar | quadrante 4",,16,
Bacará da Broa,2014-03-01,,76,,,,8,"3 | 10, 2º andar | quadrante 3",,54,
Bacará da Broa,,várias,,,,,8,"3 | 5, 2º andar | quadrante 2",,48,
Baccarat,2018-04-27,,23,30.0,20.0,,12,"1 | 7, 2º andar | hexagono",,6,
Baccarat,2018-04-28,,11,40.0,30.0,,12,"1 | 7, 2º andar | gobelet",,10,
Baccarat,2018-05-02,,26,25.0,15.0,,12,"1 | 7, 2º andar | hexagono",,10,
Baccarat,2018-05-04,,23,30.0,25.0,120,12,"1 | 7, 2º andar | hexagono",,8,
Baccarat,2018-05-06,,49,20.0,10.0,190,12,"1 | 7, 2º andar | quadrante 2",,41,
Baccarat,2018-05-08,,10,30.0,20.0,148,12,"1 | 7, 2º andar | gobelet",,1,
Baccarat,2018-05-10,,6,30.0,20.0,156,12,"1 | 7, 2º andar | gobelet",,6,
Baccarat,,Baccarat(man.),16,35.0,25.0,258,12,"1 | 7, 2º andar | quadrante 3",,14,
Baccarat,2018-05-23,,10,30.0,20.0,,12,"1 | 7, 2º andar | quadrante 4",,6,
Baccarat,2018-05-25,,8,30.0,20.0,,12,"1 | 7, 2º andar | quadrante 1",,4,
Baccarat,2018-05-29,,15,35.0,20.0,,12,"1 | 6, 1º andar | quadrante 1",,15,
Baccarat,2018-06-01,,14,,,,12,"1 | 6, 1º andar | quadrante 1",,14,
Bandido,2024-11-11,,33,25.0,,164,,,,33,
Bandido,2024-11-13,,15,30.0,,283,,,,15,
Bandido,2024-11-15,,20,45.0,,219,,,,20,
Bandido,2024-11-18,,27,35.0,,280,,,,27,
Bandido,2024-11-20,,20,30.0,,316,,,,20,
Bandido,2024-11-22,,24,35.0,,145,,,,24,
Bandido,2024-11-25,,22,35.0,,186,,,,22,
Bandido,2024-11-27,,22,35.0,,208,,,,22,
Bandido,2024-11-29,,17,30.0,,182,,,,17,
Bariloche,2018-12-07,,51,35.0,25.0,120,8,"4 | 3, 2º andar | quadrante 2",,51,
Bariloche,2018-12-09,,46,35.0,30.0,,8,"2 | 4, 1º andar | quadrante 3",,3,
Bariloche,2018-12-12,,56,40.0,30.0,160,8,"2 | 4, 1º andar | quadrante 2",,21,
Bariloche,2018-12-14,,52,35.0,30.0,204,8,"2 | 4, 1º andar | quadrante 1",,43,
Bariloche,2018-12-16,,63,45.0,40.0,188,8,"2 | 4, 1º andar | quadrante 4",,1,
Bariloche,2018-12-19,,47,50.0,40.0,242,8,"4 | 4, 1º andar | quadrante 4",,47,
Bariloche,2018-12-21,,54,45.0,40.0,156,8,"4 | 3, 2º andar | quadrante 2, 3",,54,
Bariloche,2018-12-23,,36,40.0,30.0,172,8,"2 | 7, 2º andar | hexagono",,36,
Beduino Lam,,22/11/2021 A,35,,,,,,,35,
Beduino Lam,,22/11/2021 B,17,,,,,,,17,
Bem-me-quer,2013-05-22,,60,,,,,4 | 9 1º andar | quadrante 1,,5,
Bem-me-quer,2013-05-23,,30,,,,,4 | 9 1º andar | quadrante 2,,6,
Bem-me-quer,2013-05-27,,80,,,,,4 | 9 1º andar | quadrante 3,,38,
Bem-me-quer,2013-05-30,,47,,,,,4 | 9 1º andar | quadrante 2,,23,
Bem-me-quer,2013-05-31,,42,,,,,4 | 9 1º andar | quadrante 4,,40,
Bem-me-quer,2013-06-03,,86,,,,,4 | 9 1º andar | quadrante 4,,76,
Bem-me-quer,2013-06-12,,104,,,,,"4 | 4, 2º andar | quadrante 1",,63,
Bem-me-quer,2013-06-20,,68,,,,,"4 | 4, 2º andar | quadrante 2",,56,
Benjamin da Broa,2016-04-15,,79,35.0,20.0,,8,"4 | 6, 1º andar | gobelets",,19,
Benjamin da Broa,2018-11-15,,20,40.0,35.0,308,8,"4 | 6, 1º andar | gobelets",,20,
Benjamin da Broa,2018-11-16,,17,35.0,25.0,290,8,"4 | 6, 1º andar | gobelets",,10,
Benjamin da Broa,2018-11-17,,16,40.0,35.0,388,8,"4 | 6, 1º andar | quadrante 4",,11,
Benjamin da Broa,2018-11-18,,23,30.0,20.0,292,8,"1 | 1, 1º andar | quadrante 2",,14,
Benjamin da Broa,2018-11-19,,23,45.0,30.0,344,8,"4 | 6, 1º andar | quadrante 1",,18,
Benjamin da Broa,2018-11-20,,30,25.0,10.0,258,8,"4 | 6, 1º andar | quadrante 3",,25,
Benjamin da Broa,2018-11-21,,35,25.0,10.0,,8,"4 | 6, 1º andar | quadrante 2",,31,
Benjamin da Broa,2018-11-22,,25,45.0,30.0,186,8,"4 | 6, 1º andar | gobelets",,18,
Benjamin da Broa,2018-11-23,,31,35.0,20.0,320,8,"4 | 6, 1º andar | hexagono",,28,
Benjamin da Broa,2018-11-24,,31,45.0,35.0,272,8,"4 | 7, 2º andar | hexagono",,25,
Benjamin da Broa,2018-11-25,,30,40.0,30.0,358,8,"4 | 7, 2º andar | hexagono",,22,
Benjamin da Broa,2018-11-26,,22,40.0,30.0,320,8,"4 | 7, 2º andar | quadrante 3",,14,
Benjamin da Broa,2018-11-27,,20,40.0,30.0,332,8,"4 | 7, 2º andar | hexagono",,20,
Benjamin da Broa,2018-11-29,,36,35.0,25.0,264,8,"4 | 7, 2º andar | quadrante 1",,31,
Benjamin da Broa,2018-11-30,,28,45.0,35.0,190,8,"4 | 7, 2º andar | hexagono",,20,
Biko lalan,2016-12-11,,30,45.0,40.0,142,6,"4 | 3, 2º andar | quadrante 1",,4,
Biko lalan,2016-12-13,,90,55.0,50.0,302,6,"4 | 3, 2º andar | quadrante 4",,82,
Biko lalan,2016-12-15,,88,50.0,45.0,334,6,"4 | 3, 2º andar | quadrante 4",,80,
Bruxo,2021-07-23,,25,,,,,"7 | 5, 2º andar | quadrante 1",,25,
Bruxo,2021-07-26,,56,,,,,"7 | 9, 2º andar | quadrante 1",,56,
Bruxo,2021-07-28,,40,,,,,"8 | 10, 2º andar | quadrante 4",,40,
Bruxo,2021-07-30,,43,,,,,"2 | 4, 1º andar | quadrante 1",,43,
Bruxo,2021-08-02,,23,,,,,"2 | 10, 2º andar | quadrante 2",,23,
Bruxo,2021-08-04,,40,,,,,"8 | 3, 2º andar | quadrante 1",,40,
Bruxo,2021-08-06,,27,,,,,"8 | 10, 2º andar | quadrante 2",,27,
Califa II,2021-02-27,,28,35.0,35.0,268,6,8 | 4. 1º andar | solto,,22,
Califa II,2021-02-23,,22,35.0,30.0,275,6,"8 | 6, 1º andar | quadrante 4",,18,
Califa II,2021-02-24,,33,30.0,30.0,300,6,"8 | 6, 1º andar | quadrante 1",,29,
Califa II,2021-02-24,,31,40.0,40.0,222,6,"8 | 6, 1º andar | quadrante 1",,31,
Califa II,2021-02-26,,38,,,,6,"8 | 1, 2º andar | quadrante 1",,22,
Califa II,2021-02-27,,37,70.0,60.0,252,6,"1 | 3, 2º andar | quadrante 3",,37,
Califa II,2021-02-28,,30,60.0,50.0,273,6,"1 | 3, 2º andar | quadrante 4",,24,
Califa II,2021-03-01,,37,,,,6,"8 | 1, 2º andar | quadrante 4",,9,
Califa II,2021-03-02,,45,60.0,50.0,197,6,"8 | 6, 2º andar | quadrante 3",,39,
Califa II,2021-03-03,,34,,,,6,"7 | 7, 2º andar | quadrante 2",,34,
Califa II,2021-03-04,,37,,,,6,"8 | 3, 1º andar | solto",,37,
Califa II,2021-03-05,,51,,,,6,"8 | 7, 1º andar | quadrante 2",,49,
Califa II,2021-03-06,,19,,,,6,"8 | 7, 1º andar | quadrante 3",,17,
Califa II,2021-03-07,,32,,,,6,"8 | 7, 1º andar | hexagono",,32,
Califa II,2021-03-08,,42,,,,6,"8 | 7, 1º andar | quadrante 4",,35,
Califa II,2021-03-09,,42,50.0,50.0,,6,"4 | 2, 1º andar | quadrante 2",,39,
Califa II,2021-03-10,,25,,,,6,"6 | 3, 2º andar | quadrante 2",,25,
Califa II,2021-03-11,,39,,,,6,"4 | 3, 1º andar | quadrante 3",,39,
Califa II,2021-03-12,,68,,,,6,"8 | 7, 2º andar | quadrante 1",,65,
Califa II,2021-03-13,,45,65.0,55.0,270,6,"8 | 7, 2º andar | quadrante 3",,45,
Califa II,2021-03-14,,30,,,,6,"8 | 7, 2º andar | quadrante 4",,29,
Califa II,2021-03-15,,52,,,,6,"8 | 7, 2º andar | quadrante 2",,51,
Campeador,2017-01-14,,68,40.0,35.0,,,"3 | 1, 2º andar | quadrante 3",,48,
Campeador,2017-01-16,,58,20.0,20.0,218,,"3 | 1, 2º andar | quadrante 2",,58,
Campeador,2017-01-17,,52,15.0,15.0,,,"3 | 1, 2º andar | quadrante 4",,52,
Campeador,2017-01-20,,39,35.0,30.0,,,"3 | 7, 2º andar | gobelet",,9,
Campeador,2017-01-21,,62,45.0,40.0,180,15,"3 | 7, 2º andar | quadrante 1",,23,
Campeador,2017-01-22,,63,40.0,30.0,184,15,"3 | 7, 2º andar | quadrante 3",,38,
Campeador,2017-01-23,,43,35.0,30.0,198,15,"3 | 7, 2º andar | gobelet",,5,
Campeador,2017-01-24,,40,45.0,40.0,206,15,"5 | 8, 1º andar | hexagono",,39,
Campeador,2017-01-25,,38,45.0,40.0,144,15,"5 | 8, 1º andar | gobelet",,7,
Campeador,2017-01-26,,48,35.0,30.0,196,15,"5 | 8, 1º andar | quadrante 2",,28,
Campeador,2017-01-27,,38,30.0,25.0,190,15,"5 | 8, 1º andar | quadrante 4",,30,
Campeador,2017-01-28,,50,40.0,35.0,198,15,"5 | 8, 1º andar | 2 gobelets",,15,
Campeador,2017-01-29,,44,55.0,50.0,146,15,"3 | 1, 2º andar | gobelet",,9,
Campeador,2017-01-30,,56,55.0,50.0,150,15,"5 | 8, 1º andar | gobelet",,4,
Campeador,2017-01-31,,53,40.0,35.0,242,15,"5 | 8, 1º andar | quadrante 4",,27,
Coronel,2016-10-02,,83,40.0,30.0,266,,"7 | 2, 1º andar | quadrante 4",,7,
Coronel,2016-10-04,,74,30.0,20.0,148,,"7 | 2, 1º andar | quadrante 4",,74,
Coronel,2016-10-06,,64,30.0,25.0,238,,"4 | 1, 1º andar | quadrante 3",,64,
Coronel,2016-10-08,,84,35.0,30.0,230,,"2 | 3, 1º andar | quadrante 1",,76,
Coronel,2016-10-10,,67,35.0,30.0,150,,"3 | 3, 1º andar | quadrante 4",,67,
Coronel,2016-10-12,,76,25.0,20.0,238,,"4 | 5, 1º andar | quadrante 4",,76,
Coronel,2016-10-14,,77,55.0,45.0,288,,"4 | 5, 1º andar | quadrante 3",,77,
Coronel,2016-10-16,,71,60.0,55.0,184,,"4 | 5, 1º andar | quadrante 1",,58,
Coronel,2016-10-18,,73,60.0,55.0,256,,"4 | 1, 1º andar | quadrante 1",,73,
Curacao,2017-06-01,,54,30.0,20.0,160,8,"3 | 1, 2º andar | hexagono",,34,
Curacao,2017-06-02,,25,35.0,30.0,296,8,"3 | 1, 2º andar | hexagono",,10,
Curacao,2017-06-03,,42,45.0,35.0,240,8,"3 | 1, 2º andar | hexagono",,22,
Curacao,2017-06-04,,25,60.0,45.0,408,8,"3 | 1, 2º andar | hexagono",,10,
Craque,2023-09-21,,65,40.0,30.0,385,8,,,35,
Craque,2023-09-29,,27,35.0,30.0,226,8,,,27,
Craque,2023-10-11,,24,40.0,35.0,230,8,,,7,
Craque,2023-10-13,,51,40.0,35.0,243,8,,,38,
Craque,2023-10-16,,46,35.0,30.0,210,8,,,46,
Craque,2023-10-18,,54,,,,8,,,54,
Craque,2023-10-20,,46,30.0,20.0,230,8,,,22,
Craque,2023-10-23,,54,35.0,25.0,238,8,,,54,
Craque,2023-10-25,,40,35.0,30.0,189,8,,,40,
Craque,2023-10-30,,84,35.0,30.0,152,8,,,84,
Craque,2023-11-13,,58,40.0,30.0,189,8,,,31,
Craque,2023-11-15,,58,35.0,30.0,207,8,,,58,
Craque,2023-11-17,,69,50.0,40.0,202,8,,,69,
Craque,2024-01-02,,53,,,,8,,,53,
Craque,2024-01-03,,50,40.0,30.0,,8,,,26,
Craque,2024-01-04,,64,,,,8,,,44,
Craque,2024-01-05,,57,40.0,30.0,245,8,,,33,
Dancing Dream,2021-11-23,,127,,,,4,,,97,
Daktari,,,50,,,,3,,,47,
Delta,2022-02-07,,39,60.0,50.0,198,6,,,25,
Diamante da Ferraria,2018-10-15,,34,40.0,35.0,180,8,"7 | 3, 2º andar | quadrante 3",,34,
Diamante da Ferraria,2018-10-17,,43,20.0,15.0,,8,"7 | 3, 2º andar | quadrante 2",,43,
Diamante da Ferraria,2018-10-19,,49,25.0,20.0,,8,,,49,
Diamante da Ferraria,2018-10-22,,9,45.0,35.0,172,8,"7 | 3, 2º andar | quadrante 2",,9,
Diamante da Ferraria,2018-10-24,,20,55.0,40.0,374,8,"7 | 3, 2º andar | 2 gobelets",,20,
Diamante da Ferraria,2018-10-26,,30,20.0,15.0,284,8,"7 | 3, 2º andar | quadrante 1",,30,
Diamante da Ferraria,2018-10-29,,26,40.0,30.0,332,8,"7 | 3, 2º andar | quadrante 4",,26,
Diamante da Ferraria,2018-10-31,,33,45.0,35.0,224,8,"7 | 3, 2º andar | hexagono",,33,
Diamante da Ferraria,2018-11-02,,38,40.0,35.0,266,8,"7 | 5,1º andar | quadrante 3",,38,
Diamante da Ferraria,2018-11-05,,25,35.0,30.0,220,8,"7 | 5,1º andar | quadrante 4",,25,
Diamante da Ferraria,2018-11-07,,40,20.0,10.0,162,8,"7 | 5,1º andar | 2 gobelets",,40,
Diamante da Ferraria,2018-11-09,,34,30.0,25.0,225,8,"7 | 5,1º andar | hexagono",,34,
Diamante da Ferraria,2018-11-14,,47,35.0,30.0,208,8,"7 | 5,1º andar | quadrante 1",,47,
Diamante da Ferraria,2018-11-16,,76,40.0,35.0,250,8,"4 | 1, 1º andar | quadrante 2",,76,
Diamante da Ferraria,2018-11-19,,75,40.0,35.0,262,8,"3 | 5, 2º andar | quadrante 3",,75,
Diamante da Ferraria,2018-11-21,,40,30.0,25.0,276,8,"4 | 6, 2º andar | quadrante 2",,40,
Diamante Negro,2018-10-08,,25,50.0,40.0,300,4,"1 | 6, 2º andar | quadrante 4",,25,
Diamante Negro,2018-10-10,,49,55.0,40.0,,4,"2 | 6, 2º andar | quadrante 4",,27,
Diamante Negro,2018-10-12,,39,55.0,40.0,382,4,"3 | 2, 2º andar | hexagono",,35,
Diamante Negro,2018-10-15,,42,50.0,40.0,552,4,"3 | 2, 2º andar | quadrante 4",,39,
Diamante Negro,2018-10-17,,42,60.0,50.0,276,4,"3 | 2, 2º andar | quadrante 1",,36,
Diamante Negro,2018-10-19,,46,45.0,40.0,298,4,"3 | 2, 2º andar | quadrante 2",,39,
Diamante Negro,2018-10-22,,32,45.0,35.0,,4,"3 | 2, 2º andar | hexagono",,28,
Diamante Negro,2018-10-24,,41,50.0,40.0,185,4,"3 | 2, 2º andar | hexagono",,36,
Diamante Negro,2018-10-26,,34,55.0,40.0,225,4,"3 | 2, 2º andar | quadrante 3",,27,
Diamante Negro,2018-10-29,,41,,,,4,"5 | 8, 1º andar | quadrante 2",,28,
Diamante Negro,2018-10-31,,33,,,,4,"5 | 8, 1º andar | hexagono",,25,
Diamante Negro,2018-11-02,,28,,,,4,"5 | 8, 1º andar | quadrante 4",,21,
Diamante Negro,2018-11-05,,35,50.0,45.0,,4,"5 | 8, 1º andar | quadrante 3",,29,
Diamante Negro,2018-11-07,,41,,,,4,"5 | 8, 1º andar | quadrante 1",,25,
Diamante Negro,2018-11-09,,38,,,,4,"5 | 8, 1º andar | quadrante 2",,34,
Diamante Negro,2018-11-12,,39,50.0,40.0,,4,"4 | 4, 1º andar | quadrante 2",,39,
Diamante Negro (TM),2020-12-04,,57,50.0,50.0,249,,"7 | 7, 1º andar | quadrante 4",,5,
Diamante Negro (TM),2020-12-05,,33,,,,4,"7 | 1, 1º andar | quadrante 4",,33,
Diamante Negro (TM),2020-12-07,,28,60.0,55.0,246,4,"3 | 7, 2º andar | quadrante 4",,1,
Diamante Negro (TM),2020-12-08,,18,50.0,45.0,320,4,"3 | 2, 2º andar | gobelets",,18,
Diamante Negro (TM),2020-12-09,,42,,,,4,,,42,
Diamante Negro (TM),2020-12-10,,43,60.0,50.0,297,4,,,43,
Diamante Negro (TM),2020-12-11,,61,50.0,45.0,330,4,"3 | 7, 2º andar | quadrante 2",,61,
Diamante Negro (TM),2020-12-12,,47,,,,4,"7 | 8, 2º andar | quadrante 4",,47,
Diamante Negro (TM),2020-12-14,,42,,,,4,,,42,
Diamante Negro (TM),2020-12-15,,45,70.0,60.0,224,4,"7 | 8, 2º andar | quadrante 1",,1,
Diamante Negro (TM),2020-12-18,,16,,,,4,"3 | 7, 2º andar | quadrante 3",,13,
Diamante Negro (TM),2020-12-19,,27,,,,4,"5 | 1, 2º andar | quadrante 2",,24,
Diamante Negro (TM),2020-12-20,,46,70.0,60.0,236,4,4 | 9. 2º andar | quadrante 4,,20,
Diamante Negro (TM),,20/12/2020 A,25,60.0,45.0,216,4,4 | 9. 2º andar | quadrante 3,,25,
Diamante Negro (TM),2020-12-21,,30,,,,4,"2 | 10, 2º andar | quadrante 4",,26,
Diamante Negro (TM),2020-12-22,,51,,,,4,"2 | 9, 1º andar | quadrante 3",,51,
Diamante Negro (TM),2020-12-23,,44,60.0,50.0,297,4,"8 | 4, 2º andar | quadrante 1",,44,
Diamante Negro (TM),2020-12-24,,42,50.0,50.0,228,4,"8 | 4, 2º andar | quadrante 4",,42,
Diamante Negro (TM),2020-12-25,,36,,,,4,"8 | 1, 1º andar | quadrante 2",,36,
Diamante Negro (TM),2020-12-26,,47,70.0,50.0,298,4,"8 | 1, 1º andar | quadrante 1",,47,
Diamante Negro (TM),2020-12-27,,31,60.0,40.0,224,4,"8 | 1, 1º andar | quadrante 4",,31,
Diamante Negro (TM),2020-12-28,,38,70.0,65.0,269,4,"8 | 2, 2º andar | quadrante 1",,32,
Diamante Negro (TM),2020-12-29,,50,70.0,60.0,,4,"8 | 2, 2º andar | quadrante 4",,44,
Diamante Negro (TM),2020-12-30,,42,,,,4,"8 | 2, 1º andar | quadrante 4",,42,
Diamante Negro (TM),2020-12-31,,42,,,,4,"8 | 2, 1º andar | quadrante 3",,42,
Diamante Negro (TM),2021-01-01,,42,60.0,50.0,206,4,"8 | 1, 2º andar | quadrante 3",,38,
Diamante Negro (TM),2021-01-02,,26,50.0,40.0,,4,"8 | 1, 2º andar | quadrante 1",,22,
Diamante Negro (TM),2021-01-03,,17,70.0,50.0,324,4,"8 | 2, 2º andar | quadrante 2",,11,
Diamante Negro (TM),2021-01-04,,51,60.0,50.0,230,4,"7 | 1, 2º andar | quadrante 4",,51,
Diamante Negro (TM),2021-01-05,,26,,,,4,"8 | 2, 2º andar | quadrante 3",,26,
Diamante Negro (TM),2021-01-06,,42,,,,4,"3 | 6, 2º andar | hexagono",,42,
Diamante Negro (TM),2021-01-07,,38,,,,4,"8 | 3, 2º andar | quadrante 4",,38,
Diamante Negro (TM),2021-01-08,,34,,,,4,"8 | 4, 1º andar | hexagono",,34,
Diamante Negro (TM),2021-01-09,,37,40.0,40.0,286,4,"8 | 6, 1º andar | quadrante 1",,37,
Diamante Negro (TM),2021-01-10,,38,50.0,50.0,273,4,"8 | 6, 1º andar | quadrante 3",,38,
Diamante Negro (TM),2021-01-11,,46,,,,4,,,46,
Diamante Negro (TM),2021-03-11,,50,70.0,65.0,255,4,"8 | 6, 1º andar | quadrante 2",,50,
Diamante Negro (TM),2021-01-12,,44,50.0,50.0,202,4,"1 | 3, 2º andar | quadrante 1",,44,
Diamante Negro (TM),2021-01-13,,24,55.0,50.0,262,4,"1 | 3, 2º andar | quadrante 2",,24,
Diamante Negro (TM),2021-02-17,,29,,,,4,"8 | 2, 1º andar | quadrante 1",,25,
Diamante Negro (TM),2021-02-18,,40,,,,4,,,36,
Diamante Negro (TM),2021-02-19,,25,,,,4,,,21,
Disturbio,2015-02-10,,44,,,,4,"5 | 7, 1º andar | quadrante 4",,20,
Disturbio,2015-02-11,,57,,,,4,"5 | 7, 1º andar | quadrante 2",,37,
Disturbio,2015-02-12,,59,,,,4,"5 | 7, 1º andar | quadrante 3",,41,
Disturbio,2015-02-14,,38,,,,4,"5 | 7, 1º andar | quadrante 1",,18,
Disturbio,2015-02-15,,66,,,,4,"5 | 7, 2º andar | quadrante 1",,35,
Disturbio,2015-02-17,,71,,,,4,"5 | 7, 2º andar | quadrante 3",,2,
Disturbio,2015-02-19,,74,,,,4,"5 | 7, 2º andar | quadrante 2",,51,
Diu,2015-02-15,,65,,,,8,"8 | 5, 1º andar",,59,
Diu,2015-02-17,,51,,,,8,"8 | 5, 1º andar",,45,
Diu,2015-02-19,,35,,,,8,"8 | 5, 1º andar",,29,
Diu,2015-02-21,,42,,,,8,"8 | 5, 1º andar",,36,
Diu,2015-02-23,,54,,,,8,"8 | 5, 1º andar",,34,
Dragão Equo,,,102,,,,4,,,23,
Dragão Lux,,,24,,,,,,,30,
Embuçado,2014-03-05,,17,,,,,"3 | 1, 1º andar | quadrante 3",,15,
Embuçado,2014-03-07,,54,,,,,"3 | 1, 1º andar | quadrante 1",,22,
Embuçado,2014-03-09,,70,,,,,"3 | 1, 1º andar | quadrante 4",,38,
Embuçado,2014-03-11,,60,,,,,"3 | 1, 1º andar | quadrante 2",,48,
Embuçado,2014-03-13,,40,,,,,"3 | 9, 1º andar | quadrante 2",,32,
Embuçado,2014-03-15,,76,,,,,"3 | 9, 1º andar | quadrante 1",,40,
Embuçado,2014-03-17,,39,,,,,"3 | 9, 1º andar | quadrante 3",,29,
Embuçado,2014-03-21,,67,,,,,"3 | 10, 1º andar | quadrante 1",,61,
Embuçado,2014-03-23,,50,,,,,"3 | 10, 1º andar | quadrante 4",,44,
Embuçado,2014-03-25,,57,,,,,"3 | 10, 1º andar | quadrante 3",,35,
Embuçado,2014-03-27,,56,,,,8,"3 | 10, 1º andar | quadrante 2",,54,
Embuçado,2014-03-29,,64,,,,8,,,46,
Embuçado,2014-03-30,,58,,,,8,,,27,
Embuçado,2014-03-31,,44,,,,8,,,26,
Embuçado,2014-04-01,,96,,,,8,,,84,
Embuçado,2014-04-02,,45,,,,8,"3 | 9, 1º andar | quadrante 3",,41,
Embuçado,2014-04-03,,36,,,,8,"3 | 9, 1º andar | quadrante 2",,31,
Embuçado,2014-04-04,,68,,,,8,"3 | 9, 1º andar | quadrante 1",,66,
Embuçado,2014-04-05,,43,,,,8,"3 | 9, 1º andar | quadrante 4",,17,
Embuçado,2014-04-06,,82,,,,8,"3 | 9, 1º andar | quadrante 4",,58,
Embuçado,2014-04-07,,71,,,,8,,,67,
Épico das Figueiras,2019-10-03,,46,,,,6,"6 | 9, 1º andar | quadrante 4",,11,
Épico das Figueiras,2019-10-07,,39,50.0,40.0,192,6,"3 | 7, 1º andar | quadrante 4",,5,
Épico das Figueiras,2019-10-09,,38,65.0,60.0,274,6,"4 | 9, 2º andar | quadrante 1",,24,
Épico das Figueiras,2019-10-11,,30,60.0,50.0,196,6,"4 | 9, 2º andar | quadrante 1",,19,
Épico das Figueiras,2019-10-15,,37,,,,6,"4 | 9, 2º andar | quadrante 2",,16,
Épico das Figueiras,2019-10-17,,57,70.0,65.0,297,6,"2 | 4, 2º andar | quadrante 4",,16,
Épico das Figueiras,2019-10-22,,62,,,,6,"2 | 4, 2º andar | quadrante 3",,14,
Épico das Figueiras,2019-10-29,,98,50.0,10.0,273,6,"2 | 9, 1º andar | quadrante 1, 4",,98,
Epicor,2016-07-07,,55,,,,4,"2 | 5, 1º andar | quadrante 4",,51,
Epicor,2016-07-09,,67,,,,4,"2 | 5, 1º andar | quadrante 1",,63,
Epicor,2016-07-11,,62,63.0,31.0,202,4,"2 | 5, 1º andar | quadrante 2",,59,
Epicor,2016-07-13,,82,70.0,40.0,126,4,"2 | 5, 1º andar | quadrante 3",,79,
Epicor,2016-07-15,,50,70.0,35.0,140,4,"2 | 10, 2º andar | quadrante 3",,48,
Epicor,2016-07-17,,65,,,,4,"2 | 10, 2º andar | quadrante 4",,65,
Equador,2015-07-30,,115,20.0,15.0,212,8,"6 | 3, 2º andar | quadrante 1",,46,
Equador,2015-08-04,,42,20.0,15.0,,8,"7 | 4, 1º andar | quadrante 1",,17,
Equador,2015-08-05,,27,25.0,20.0,,8,,,3,
Escorial,2017-12-23,,30,25.0,15.0,176,6,"4 | 4, 1º andar | quadrante 3",,29,
Escorial,,escorial(manual),34,15.0,15.0,320,6,"5 | 1, 2º andar | hexagono",,20,
Escorial,2013-12-29,,45,20.0,15.0,,6,,,6,
Escorial,2019-10-29,,46,35.0,30.0,351,6,,,1,
Escorial,2019-11-06,,23,25.0,20.0,,6,"7 | 6, 1º andar | hexagono",,9,
Escorial,2021-04-13,,29,25.0,20.0,233,6,"1 | 3, 2º andar | quadrante 2",,29,
Escorial,2021-04-14,,24,30.0,20.0,183,6,"8 | 2, 2º andar | quadrante 2",,16,
Escorial,2021-04-16,,22,20.0,20.0,225,6,"8 | 6, 2º andar | gobelet",,4,
Escorial,2021-04-17,,36,35.0,30.0,308,6,"7 | 7, 2º andar | quadrante 2",,20,
Escorial,2021-04-18,,34,,,,6,"8 | 4, 1º andar | hexagono",,34,
Escorial,2021-04-22,,10,30.0,30.0,241,6,9,,15,
Escorial,2021-04-23,,23,30.0,25.0,332,6,"2 | 7, 2º andar | quadante 2",,12,
Escorial,2021-04-24,,55,25.0,15.0,237,6,"9 | 3, 2º andar | quad 1",,19,
Escorial,2021-04-25,,66,30.0,30.0,168,6,"9 | 3, 1º andar | quad 4",,19,
Escorial,2014-01-02,,28,20.0,15.0,168,6,"7 | 10, 2º andar | quad 1",,28,
Escorial,2014-01-05,,53,15.0,5.0,,6,"3 | 4, 2º andar | quad 4",,5,
Escorial,2019-10-15,,48,35.0,30.0,284,6,"10 | 2, 2º andar | quad 3",,5,
Escorial,2019-10-20,,46,25.0,15.0,420,6,"9 | 4, 2º andar | quad 4",,1,
Escorial,2022-12-11,,51,35.0,30.0,384,6,,,30,
Escorial,2019-11-14,,53,40.0,35.0,243,6,,,30,
Escorial,,24.10.2019,58,,,,6,,,2,
Escorial,,28.10.2019,39,,,,6,,,1,
Escorial,,29.10.2019,30,,,,6,,,7,
Escorial,,30.10.2019,60,,,,6,,,1,
Escorial,,05.11.2019,61,,,,6,,,1,
Escorial,,07.11.2019,50,,,,6,,,22,
Escorial,,13.11.2019,36,,,,6,,,30,
Escorial,,14.11.2019,48,,,,6,,,48,
Escorial,,15.11.2019,39,,,,6,,,39,
Escorial,,16.11.2019,35,,,,6,,,35,
Escorial,,17.11.2019,51,,,,6,,,51,
Escorial,,18.11.2019,66,,,,6,,,66,
Escorial,,19.11.2019,40,,,,6,,,40,
Escorial,,20.11.2019,55,,,,6,,,55,
Escorial,2024-09-12,,37,,,,6,,,37,
Escorial,2024-09-18,,49,,,,6,,,49,
Escorial,2024-09-19,,28,,,,6,,,28,
Escorial,2024-09-20,,39,,,,6,,,33,
Escorial,2024-09-21,,33,,,,6,,,33,
Escorial,2024-09-22,,29,,,,6,,,29,
Escorial,2024-09-23,,41,,,,6,,,41,
Escorial,2024-09-24,,20,,,,6,,,20,
Escorial,2024-09-27,,45,,,,6,,,45,
Escorial,2024-09-28,,47,,,,6,,,47,
Escorial,2024-09-29,,38,,,,6,,,38,
Escorial,2024-09-30,,45,,,,6,,,45,
Escorial,2024-10-01,,69,,,,6,,,43,
Escorial,2024-10-02,,82,,,,6,,,31,
Escorial,2024-10-03,,62,,,,6,,,62,
Escorial,2024-10-04,,59,,,,6,,,45,
Escorial,2024-10-05,,70,,,,6,,,70,
Escorial,2024-10-06,,68,,,,6,,,56,
Escorial,2024-10-07,,52,,,,6,,,52,
Escorial,2024-10-08,,51,,,,6,,,51,
Escorial,2024-10-09,,58,,,,6,,,46,
Escorial,2024-10-10,,57,,,,6,,,57,
Escorial,2019-09-26,,82,,,,6,,,52,
Escorial,2019-09-27,,39,,,,6,,,39,
Escorial,2019-09-28,,51,,,,6,,,43,
Escorial,2019-09-29,,44,,,,6,,,42,
Escorial,2019-09-30,,50,,,,6,,,46,
Escorial,2019-10-01,,39,,,,6,,,39,
Escorial,2019-10-02,,33,,,,6,,,33,
Escorial,2019-10-03,,37,,,,6,,,37,
Escorial,2019-10-04,,35,,,,6,,,35,
Escorial,2019-10-05,,41,,,,6,,,41,
Escorial,2019-10-06,,48,,,,6,,,48,
Escorial,2019-10-07,,29,,,,6,,,29,
Escorial,2019-10-09,,33,,,,6,,,28,
Escorial,2019-10-10,,36,,,,6,,,36,
Escorial,2019-10-11,,32,,,,6,,,32,
Escorial,2019-10-12,,26,,,,6,,,26,
Escorial,2019-10-13,,24,,,,6,,,15,
Escorial,2019-10-14,,20,,,,6,,,20,
Escorial,2019-10-15,,30,,,,6,,,30,
Escorial,2019-10-16,,21,,,,6,,,21,
Escorial,,01.12.19,26,5.0,,180,6,,,26,
Escorial,,02.12.19,52,50.0,40.0,113,6,5 | c3,,52,
Escorial,,03.12.19,57,30.0,30.0,168,6,,,57,
Escorial,,05.12.19,61,45.0,35.0,203,6,4 | 10,,61,
Escorial,,06.12.19,87,45.0,35.0,201,6,2 | 9,,87,
Escorial,,07.12.19,69,40.0,30.0,164,6,3 | 4,,69,
Escorial,,08.12.19,64,45.0,35.0,245,6,9 | 4,,64,
Escorial,,09.12.19,66,35.0,30.0,177,6,7 | 7,,66,
Escorial,,10.12.19,57,40.0,30.0,201,6,9 | 1,,57,
Escorial LB,,,490,,,,3,,,336,
Escorial LB,,04.12.19,,,,,3,,,60,
Esporim,2016-05-27,,56,55.0,45.0,,6,"3 | 3, 1º andar | quadrante 1",,56,
Esporim,2016-05-30,,80,60.0,45.0,,6,"4 | 4, 1º andar | quadrante 2",,80,
Faquir das Lezirias,,16/0/2024,37,30.0,,,8,,,37,
Faquir das Lezirias,2024-06-30,,35,20.0,,,8,,,35,
Faquir das Lezirias,2024-07-01,,33,25.0,,,8,,,33,
Faquir das Lezirias,2024-07-02,,26,25.0,,,8,,,26,
Faquir das Lezirias,2024-07-03,,67,,,,8,,,67,
Faquir das Lezirias,2024-07-04,,38,15.0,,,8,,,38,
Faquir das Lezirias,2024-07-05,,24,20.0,,,8,,,24,
Faquir das Lezirias,2024-07-06,,51,,,,8,,,51,
Faquir das Lezirias,2024-07-07,,36,30.0,,,8,,,36,
Faquir das Lezirias,2024-07-08,,26,30.0,,,8,,,26,
Faquir das Lezirias,2024-07-09,,56,,,,8,,,56,
Faquir das Lezirias,2024-07-10,,54,20.0,,,8,,,54,
Faquir das Lezirias,2024-07-11,,55,35.0,,,8,,,55,
Faquir das Lezirias,2024-07-12,,53,,,,8,,,53,
Faraó,2016-04-12,,85,35.0,30.0,180,8,"1 | 1, 1º andar | quadrante 4",,59,
Faraó,2016-04-15,,80,35.0,30.0,240,8,"1 | 1, 1º andar | quadrante 3",,45,
Francesco,2025-06-28,,60,60.0,,254,4,,,60,
Francesco,2025-06-29,,35,60.0,,327,4,,,35,
Francesco,2025-06-30,,51,50.0,,240,4,,,51,
Francesco,2025-07-01,,56,50.0,,263,4,,,56,
Francesco,2025-07-02,,49,50.0,,313,4,,,49,
Francesco,2025-07-05,,64,60.0,,190,4,,,64,
Francesco,2025-07-10,,38,55.0,,240,4,,,38,
Francesco,2025-07-11,,13,50.0,,210,4,,,13,
Francesco,2025-07-12,,51,50.0,,208,4,,,51,
Francesco,2025-07-13,,55,50.0,,349,4,,,55,
Francesco,2025-07-14,,18,40.0,,205,4,,,18,
Francesco,2025-07-15,,58,60.0,,266,4,,,58,
Francesco,2025-07-16,,32,,,,4,,,32,
Francesco,2025-07-17,,28,,,,4,,,28,
Francesco,2025-07-18,,48,35.0,,308,4,,,48,
Francesco,,28/06/2025A,30,35.0,,382,4,,,30,
Francesco,,18/07/2025A,35,40.0,,308,4,,,35,
Fidalgo,2021-01-07,,34,,,,8,"2 | 7, 2º andar | quadrante 2",,19,
Fidalgo,,18/21/2021,53,45.0,40.0,205,8,"2 | 9, 1º andar | quadrante 2",,53,
Fidalgo,2021-01-19,,38,50.0,50.0,280,8,"8 | 4, 2º andar | quadrante 3",,34,
Fidalgo,2021-01-20,,47,40.0,40.0,244,8,"8 | 4, 2º andar | quadrante 2",,43,
Fidalgo,2021-01-21,,41,60.0,50.0,289,8,"8 | 1, 1º andar | quadrante 3",,37,
Fidalgo,2021-01-22,,32,50.0,40.0,250,8,"8 | 1, 1º andar | quadrante 4",,28,
Fidalgo,2021-01-23,,34,,,,8,"8 | 1, 1º andar | quadrante 2",,34,
Fidalgo,2021-01-24,,38,,,,8,"8 | 2, 2º andar | quadrante 2",,38,
Fidalgo,2021-01-25,,51,,,,8,"8 | 2, 2º andar | quadrante 3",,51,
Fidalgo,2021-01-26,,40,,,,8,"8 | 2, 1º andar | quadrante 2",,40,
Fidalgo,2021-01-27,,39,,,,8,"8 | 2, 1º andar | quadrante 1",,15,
Fidalgo,,27/01/2021HC,43,,,,8,"8 | 1, 2º andar | quadrante 1",,43,
Fidalgo,2021-01-28,,63,,,,8,"8 | 1, 2º andar | quadrante 2",,25,
Fidalgo,2021-01-29,,46,,,,8,"8 | 1, 2º andar | quadrante 4",,18,
Fidalgo,2021-01-31,,41,,,,8,"8 | 3, 2º andar | quadrante 2",,41,
Figura,2023-07-13,,36,30.0,30.0,272,8,,,36,
Figura,2023-07-14,,32,35.0,35.0,234,8,,,32,
Figura,2023-07-15,,55,,,,,,,55,
Fogo D' Atela,2017-12-17,,49,40.0,30.0,196,8,"1 | 6, 2º andar | quadrante 3",,24,
Fogo D' Atela,2017-12-19,,45,35.0,30.0,170,8,"1 | 6, 2º andar | quadrante 2",,5,
Fogo D' Atela,2017-12-21,,42,35.0,30.0,186,8,"1 | 6, 2º andar | quadrante 3",,8,
Fogo D' Atela,2017-12-23,,49,35.0,25.0,212,8,"1 | 6, 2º andar | quadrante 4",,26,
Fogo D' Atela,2017-12-26,,53,35.0,30.0,162,8,"1 | 6, 2º andar | 2 gobelets",,27,
Fogoso,2020-07-01,,29,,,,6,"8 | 2, 2º andar | quadrante 3",,14,
Fogoso,2020-07-11,,64,,,,6,"10 | 1, 1º andar | quad 3",,44,
Fogoso,2020-07-14,,60,,,,6,,,21,
Fogoso,2020-07-15,,40,,,,6,"8 | 3, 2º andar | quad 2",,35,
Fogoso,2020-07-17,,69,,,,6,"10 | 6, 1º andar | quad 4",,19,
Fogoso,2020-06-17,,70,40.0,35.0,,6,"2 | 10, 1º andar | quadrante 1",,50,
Fogoso,2020-06-25,,43,50.0,35.0,244,6,"7 | 4, 2º andar | quadrante2",,29,
Fogoso,2020-06-26,,10,50.0,40.0,100,6,"7 | 10, 2º andar | quadrante 3",,10,
Fogoso,2024-01-09,,100,40.0,30.0,318,6,,,100,
Fogoso,2024-01-10,,78,70.0,60.0,255,6,,,72,
Fogoso,2024-01-20,,70,70.0,65.0,314,6,,,70,
Fogoso,2024-01-21,,74,70.0,60.0,206,6,,,74,
Fogoso,2024-01-22,,81,60.0,55.0,285,6,,,81,
Fogoso,2024-01-23,,93,50.0,45.0,315,6,,,81,
Fogoso,2024-01-24,,64,40.0,30.0,255,6,,,64,
Fogoso,2024-01-25,,67,70.0,60.0,152,6,,,55,
Fogoso,2024-01-26,,72,70.0,60.0,227,6,,,72,
Fogoso,2024-01-27,,67,70.0,65.0,301,6,,,67,
Fogoso,2024-01-28,,85,70.0,65.0,209,6,,,85,
Fogoso,2024-01-28,,46,70.0,65.0,174,6,,,46,
Fundador da Ferraria,2016-09-30,,73,35.0,30.0,240,8,"7 | 2, 1º andar | quadrante 2",,61,
Fundador da Ferraria,2016-10-02,,66,40.0,30.0,226,8,"7 | 2, 1º andar | quadrante 3",,54,
Fundador da Ferraria,2016-10-04,,27,35.0,30.0,156,8,"4 | 1, 1º andar | hexagono",,27,
Fundador da Ferraria,2016-10-06,,56,25.0,15.0,224,8,"4 | 1, 1º andar | quadrante 2",,56,
Fundador da Ferraria,2016-10-08,,46,35.0,30.0,304,8,"2 | 3, 1º andar | quadrante 3",,46,
Galã,2017-12-13,,21,25.0,20.0,130,8,"6 | 5, 2º andar | quadrante 2",,15,
Galã,2017-12-14,,17,30.0,25.0,184,8,"6 | 4, 1º andar | 2 gobelet",,17,
Galã,2017-12-15,,13,35.0,30.0,106,8,"6 | 4, 1º andar | gobelet",,13,
Galã,2017-12-16,,32,35.0,25.0,116,8,"6 | 4, 1º andar | hexagono",,32,
Galã,2017-12-17,,11,,,,8,"6 | 4, 1º andar | gobelet",,11,
Galã,2017-12-18,,21,,,,8,"6 | 4, 1º andar | 2 gobelets",,21,
Galã,2017-12-19,,32,,,,8,"6 | 4, 1º andar | hexagono",,32,
Galã,2017-12-20,,20,30.0,25.0,302,8,"6 | 4, 2º andar | 2 gobelets",,18,
Galã,2017-12-21,,15,,,,8,"6 | 4, 1º andar | gobelet",,15,
Galã,2017-12-22,,18,,,,8,"6 | 4, 1º andar | 3 gobelets",,18,
Galã,2017-12-23,,13,35.0,20.0,,8,"6 | 4, 1º andar | gobelet",,13,
Galã,2017-12-24,,18,25.0,15.0,,8,"6 | 4, 2º andar | 2 gobelets",,18,
Galã,2017-12-26,,40,25.0,15.0,,8,"6 | 4, 2º andar | quadrante 1",,36,
Galã,2017-12-27,,62,10.0,10.0,202,8,"6 | 4, 2º andar | quadrante 4",,59,
Galã,2017-12-28,,28,35.0,25.0,256,8,"6 | 4, 2º andar | hexagono",,28,
Galã,2017-12-29,,35,35.0,25.0,180,8,"6 | 4, 2º andar | quadrante 2",,30,
Galã,2017-12-30,,35,30.0,20.0,,8,"6 | 5, 2º andar | hexagono",,27,
Galã,2018-01-02,,17,35.0,25.0,172,8,"6 | 4, 2º andar | 2 gobelet",,15,
Galã,2018-01-04,,15,40.0,30.0,220,8,"6 | 5, 2º andar | 2 gobelets",,12,
Galã,2018-01-06,,16,40.0,30.0,324,8,"6 | 5, 2º andar | 2 gobelets",,11,
Galã,2018-01-08,,34,35.0,30.0,556,8,"6 | 5, 2º andar | hexagono",,27,
Galã,2018-01-09,,32,40.0,30.0,326,8,"6 | 5, 2º andar | quadrante 3",,27,
Galã,2018-01-11,,29,35.0,30.0,368,8,"6 | 5, 2º andar | quadrante 1",,21,
Galã,2018-01-13,,18,50.0,30.0,296,8,"6 | 5, 2º andar | gobelet",,10,
Galã,2018-01-15,,6,,,,8,"6 | 5, 2º andar | quadrante 4",,4,
Galã,2018-01-17,,20,45.0,30.0,236,8,"6 | 3, 2º andar | 2 gobelets",,20,
Galã,2018-01-20,,21,35.0,20.0,208,8,"6 | 3, 2º andar | 2 gobelets",,21,
Galã,2018-01-22,,13,,,,8,"6 | 3, 2º andar | gobelet",,13,
Galã,2018-01-24,,23,,,,8,"6 | 3, 2º andar | 2 gobelets",,23,
Gallo II,,14.09.2018,47,35.0,30.0,220,8,"1 | 9, 1º andar | quadrante 4",,44,
Gallo II,,16.09.2018,55,45.0,40.0,158,8,"1 | 9, 1º andar | quadrante 3",,51,
Gallo II,,18.09.2018,34,45.0,40.0,140,8,"1 | 9, 1º andar | quadrante 1",,30,
Gallo II,,20.09.2018,45,55.0,50.0,198,8,"1 | 9, 1º andar | quadrante 2",,41,
Gallo II,,22.09.2018,40,60.0,50.0,218,8,"1 | 9, 1º andar | hexagono",,39,
Giraldo,2017-01-20,,38,30.0,25.0,272,8,,,11,
Giraldo,2017-01-21,,37,30.0,25.0,320,8,,,1,
Giraldo,2017-01-22,,45,35.0,30.0,264,8,"2 | 8, 2º andar | hexagono",,1,
Goez,2019-04-25,,59,60.0,50.0,,4,"1 | 2, 2º andar | quadrante 3",,47,
Goez,2019-04-29,,52,50.0,50.0,,4,"7 | 2, 2º andar | quadrante 2",,20,
Gran Soberano,2017-10-04,,55,20.0,15.0,158,8,"5 | 2, 1º andar | quadrante 1",,50,
Gran Soberano,2017-10-13,,33,35.0,20.0,60,8,"5 | 6, 1º andar | hexagono",,4,
Hércules D'Atela,2017-01-27,,52,25.0,20.0,294,15,"4 | 4, 2º andar | quadrante 2",,4,
Hércules D'Atela,2017-01-28,,56,20.0,20.0,314,15,"4 | 4, 2º andar | quadrante 3",,43,
Hércules D'Atela,2017-01-29,,46,30.0,30.0,312,15,"4 | 7, 1º andar | quadrante 4",,36,
Hércules D'Atela,2017-01-30,,23,40.0,35.0,178,15,"4 | 4, 2º andar | quadrante 2",,3,
Hércules D'Atela,2017-01-31,,59,25.0,20.0,256,15,"4 | 7, 1º andar | quadrante 3",,39,
Hércules D'Atela,2017-02-01,,50,35.0,30.0,256,15,"4 | 7, 1º andar | quadrante 2",,44,
Hércules D'Atela,2017-02-02,,52,25.0,20.0,286,15,"4 | 7, 1º andar | quadrante 1",,52,
Hércules D'Atela,2017-02-03,,90,25.0,20.0,196,15,"4 | 8, 1º andar | quadrante 4",,90,
Hércules D'Atela,2017-02-04,,96,35.0,30.0,190,15,"4 | 8, 1º andar | quadrante 3",,81,
Hércules D'Atela,2017-02-05,,62,25.0,20.0,268,15,"4 | 8, 1º andar | quadrante 1",,52,
Hércules D'Atela,2017-02-06,,56,35.0,30.0,330,15,"4 | 8, 1º andar | quadrante 2",,56,
Hércules D'Atela,2017-02-08,,77,30.0,20.0,194,15,"4 | 8, 1º andar | quadrante 3",,38,
Hércules D'Atela,2017-02-10,,79,25.0,20.0,264,15,"4 | 8, 1º andar | quadrante 1",,34,
Hércules D'Atela,2017-02-13,,70,50.0,40.0,222,15,"4 | 8, 1º andar | quadrante 2",,26,
Hércules D'Atela,2017-02-14,,53,40.0,30.0,218,15,"4 | 8, 1º andar | quadrante 4",,18,
Hércules D'Atela,2017-02-17,,37,40.0,35.0,160,15,"4 | 7, 1º andar | gobelets, hexagono",,27,
Hércules D'Atela,,n cert.,23,35.0,30.0,,15,"1 | 2, 1º andar | quadrante 3",,19,
Hércules D'Atela,,n cert.,52,30.0,25.0,206,15,"1 | 2, 1º andar | quadrante 3",,48,
Hércules D'Atela,2017-03-23,,51,20.0,15.0,324,15,"4 | 10, 2º andar | quadrante 1",,34,
Hércules D'Atela,2017-03-27,,54,40.0,30.0,360,15,"4 | 10, 2º andar | quadrante 2",,10,
Hércules D'Atela,2017-03-30,,83,30.0,20.0,314,15,"4 | 10, 2º andar | quadrante 3",,58,
Harmonioso,,Várias,227,,,,,"1 | 4, 1º andar | quadrantes 1, 3",,140,
Hifi,2021-06-15,,31,60.0,50.0,225,4,"7 | 7, 1º andar | quadrante 1",,16,
Hifi,2021-07-17,,50,,,,4,"7 | 7, 1º andar | quadrante 2",,50,
Hifi,2021-07-18,,33,60.0,50.0,165,4,"4 | 5, 2º andar | quadrante 1",,19,
Hifi,2021-07-19,,49,45.0,30.0,217,4,"4 | 5, 2º andar | quadrante 3",,35,
Hifi,2021-07-20,,50,60.0,50.0,202,4,"3 | 7, 2º andar | quadrante 1",,50,
Hifi,2021-07-21,,47,45.0,35.0,210,4,"7 | 9, 2º andar | quadrante 1",,3,
Hifi,2021-07-22,,56,60.0,50.0,172,4,"7 | 10, 2º andar | quadrante 2",,19,
Hifi,2021-07-23,,62,,,,4,"6 | 9, 1º andar | quadrante 2",,53,
Hifi,2021-07-24,,56,,,,4,"6 | 3, 2º andar | quadrante 3",,41,
Hifi,2021-07-25,,67,,,,4,"7 | 2, 2º andar | quadrante 3",,43,
Hifi,2021-07-26,,81,,,,4,"7 | 7, 1º andar | quadrante 3",,81,
Hino au Baloubet,2018-02-26,,75,45.0,30.0,142,8,1 | 8 2º andar | quadrante 4,,69,
Hino au Baloubet,2018-02-28,,65,60.0,50.0,200,8,1 | 8 2º andar | quadrante 1,,58,
Hino au Baloubet,2018-03-02,,45,65.0,50.0,184,8,1 | 8 2º andar | quadrante 3,,41,
Hino au Baloubet,2018-03-04,,65,50.0,35.0,,8,1 | 8 2º andar | quadrante 2,,58,
Hino au Baloubet,2018-03-06,,68,65.0,45.0,162,8,"1 | 8, 1º andar | quadrante 2",,68,
Hino au Baloubet,2018-03-09,,19,40.0,40.0,576,8,"1 | 8, 1º andar | quadrante 3",,19,
Hipparion,2019-01-10,,32,45.0,35.0,120,14,"3 | 10, 2º andar | quadrante 3",,18,
Hipparion,2019-01-15,,23,35.0,30.0,244,14,"5 | 8, 1º andar | quadrante 1",,13,
Hipparion,2019-01-16,,21,35.0,30.0,180,14,"2 | 5, 1º andar | quadrante 4",,5,
Hipparion,2019-01-20,,20,35.0,30.0,272,14,"6 | 6, 2º andar | quadrante 2",,9,
Hipparion,2019-01-26,,23,40.0,35.0,130,14,"7 | 2, 2º andar | quadrante 4",,12,
Hipparion,2019-01-27,,15,40.0,35.0,131,14,,,10,
Hipparion,2019-01-31,,31,35.0,30.0,,14,"5 | 5, 2º andar | quadrante 3",,31,
Homero d'Atela,2017-11-15,,52,25.0,20.0,180,8,"1 | 7, 1º andar | quadrante 1",,32,
Homero d'Atela,2017-11-16,,45,,,,8,"1 | 7, 1º andar | hexagoo",,25,
Homero d'Atela,2017-11-17,,45,,,,8,"1 | 7, 1º andar | hexagono?",,45,
Homero d'Atela,2017-11-18,,30,20.0,15.0,194,8,"1 | 7, 1º andar | hexagono",,23,
Homero d'Atela,2017-11-19,,37,55.0,50.0,304,8,"1 | 7, 1º andar | quadrante 4",,8,
Homero d'Atela,2017-11-20,,47,45.0,40.0,338,8,"1 | 7, 1º andar | quadrante 2",,36,
Homero d'Atela,2017-11-21,,40,60.0,50.0,400,8,"1 | 7, 1º andar | quadrante 3",,26,
Honesto,2024-07-01,,41,,,,,,,41,
Honesto,2024-07-02,,50,,,,,,,50,
Honesto,2024-07-03,,31,,,,,,,31,
Honesto,2024-07-04,,24,,,,,,,24,
Honesto,2024-07-05,,28,,,,,,,28,
Honesto,2024-07-06,,41,,,,,,,41,
Hostil,2015-06-08,,67,,,,4,2 | 8 1º andar | quadrante 1,,58,
Husseim,2019-12-31,,38,,,,8,,,38,
Husseim,2010-01-01,,18,25.0,20.0,224,8,"6 | 9, 1º andar | quadrante 2",,18,
Husseim,2020-01-02,,34,,,,8,"5 | 9, 2º andar | quadrante 1",,34,
Husseim,2020-01-03,,32,,,,8,"2 | 6, 2º andar | hexagono",,32,
Husseim,2020-01-04,,19,,,,8,"4 | 8, 2º andar | gobelets",,19,
Husseim,2020-01-05,,17,,,,8,"2 | 4, 1º andar | gobelets",,17,
Husseim,2020-01-06,,26,50.0,40.0,325,8,"6 | 10, 2º andar | quadrante 4",,26,
Husseim,2020-01-07,,22,40.0,35.0,267,8,"6 | 10, 2º andar | gobelets",,22,
Husseim,2020-01-08,,35,30.0,30.0,213,8,"6 | 10, 2º andar | quadrante 2",,35,
Husseim,2020-01-09,,27,35.0,30.0,209,8,"6 | 10, 2º andar | quadrante 3",,27,
Husseim,2020-01-11,,26,,,,8,"7 | 7, 1º andar | gobelets",,26,
I-Tira Picos,2021-10-08,,31,,,,10,"5 | 9, 2º andar | quadrante 4",,31,
I-Tira Picos,2021-10-09,,33,,,,10,"1 | 1, 2º andar | quadrante 1",,29,
I-Tira Picos,2021-10-10,,23,,,,10,,,23,
I-Tira Picos,2021-10-11,,15,,,,10,"1 | 9, 2º andar | quadrante 4",,15,
I-Tira Picos,2021-10-12,,19,,,,10,"8 | 4, 2º andar | quadrante 4",,19,
I-Tira Picos,2021-10-13,,30,,,,10,"1 | 1, 2º andar | quadrante 2",,18,
I-Tira Picos,2021-10-14,,16,,,,10,"1 | 1, 2º andar | quadrante 4",,12,
I-Tira Picos,2021-10-15,,27,,,,10,"2 | 8, 1º andar | quadrante 3",,27,
I-Tira Picos,2021-10-16,,42,,,,10,"3 | 4, 2º andar | quadrante 2",,42,
I-Tira Picos,2021-10-17,,39,,,,10,"5 | 9, 2º andar | quadrante 3",,39,
I-Tira Picos,2021-10-18,,27,,,,10,"2 | 4, 2º andar | quadrante 2",,27,
Ibérico,2023-08-17,,36,25.0,15.0,181,10,,,36,
Ibérico,2023-08-18,,68,30.0,25.0,211,10,,,68,
Ibérico,2023-08-19,,40,25.0,15.0,226,10,,,40,
Ibérico,2023-08-20,,49,25.0,20.0,,10,,,49,
Ídolo d'Atela,2018-05-29,,14,45.0,35.0,,8,"1 | 6, 1º andar | 2 gobelets",,14,
Ídolo d'Atela,2018-10-29,,28,35.0,30.0,254,8,"5 | 9, 1º andar | quadrante 1",,6,
Ídolo d'Atela,2018-10-31,,29,45.0,40.0,164,8,"5 | 9, 1º andar | hexagono",,19,
Ídolo d'Atela,2018-11-02,,19,20.0,10.0,202,8,"5 | 9, 1º andar | quadrante 2",,19,
Ídolo d'Atela,2018-11-07,,21,15.0,20.0,280,8,"5 | 9, 1º andar | qudrante 3",,21,
Ídolo d'Atela,2018-11-09,,14,35.0,40.0,224,8,"5 | 9, 1º andar | 2 gobelets",,14,
Ídolo d'Atela,2018-11-14,,18,30.0,20.0,206,8,"5 | 9, 1º andar | qudrante 3",,18,
Ídolo d'Atela,2018-11-19,,22,35.0,30.0,104,8,"3 | 4, 1º andar | quadrante 3",,18,
Ídolo d'Atela,2018-11-21,,47,15.0,10.0,184,8,"5 | 9, 1º andar | quadrante 2",,47,
Ídolo d'Atela,2018-11-23,,34,20.0,25.0,173,8,"4 | 8, 2º andar | gobelet",,34,
Ídolo d'Atela,2018-11-27,,20,25.0,20.0,118,8,"2 | 3, 1º andar | gobelets",,20,
Ídolo d'Atela,2018-11-29,,25,40.0,35.0,233,8,"3 | 4, 1º andar | quadrante 3",,21,
Ídolo d'Atela,2018-11-30,,22,25.0,20.0,284,8,"2 | 3, 1º andar | gobelets",,22,
Ídolo d'Atela,2018-12-03,,15,,,,8,"4 | 1, 2º andar | 2 gobelets",,15,
Ídolo d'Atela,2018-12-05,,25,45.0,35.0,222,8,"5 | 2, 2º andar | quadrante 3",,25,
Ídolo d'Atela,2018-12-07,,13,40.0,35.0,178,8,"5 | 2, 2º andar | quadrante 1",,13,
Ídolo d'Atela,2018-12-10,,33,40.0,35.0,292,8,"5 | 8, 2º andar | quadrante 1",,33,
Ídolo d'Atela,2018-12-12,,38,30.0,25.0,280,8,"3 | 1, 2º andar | quadrante 1",,38,
Ídolo d'Atela,2018-12-14,,21,30.0,20.0,290,8,"4 | 7, 2º andar | quadrante 4",,19,
Ídolo d'Atela,2018-12-17,,38,30.0,25.0,184,8,"4 | 7, 2º andar | quadrante 2",,35,
Ídolo d'Atela,2018-12-19,,38,50.0,45.0,296,8,"3 | 4, 1º andar | quadrante 4",,38,
Iluminati,2019-03-05,,21,40.0,40.0,210,6,"6 | 9, 2º andar | 2 gobelets",,8,
Iluminati,2019-03-06,,27,50.0,40.0,268,6,"6 | 9, 2º andar | hexagono",,4,
Iluminati,2019-02-20,,43,40.0,35.0,240,6,"6 | 9, 1º andar | quadrante 1",,37,
Iluminati,2019-03-07,,24,50.0,45.0,232,6,"1 | 1, 2º andar | quadrante 4",,8,
Iluminati,,05/03/2019B,17,55.0,45.0,,6,"3 | 7, 1º andar | quadrante 1",,17,
Iluminati,2019-03-08,,35,,,,6,"4 | 6, 2º andar | quadrante 1",,28,
Iluminati,,07/03/2019B,33,35.0,35.0,228,6,"6 | 9, 1º andar | quadrante 3",,30,
Iluminati,,08/03/2019B,26,,,,6,"6 | 9, 1º andar | quadrante 4",,26,
Imperador de Cabeção,2021-04-10,,35,40.0,30.0,149,8,"4 | 2, 1º andar | quadrante 2",,15,
Imperador de Cabeção,2021-04-11,,33,40.0,30.0,224,8,"6 | 3, 2º andar | quadrante 2",,9,
Imperador de Cabeção,2021-04-13,,19,50.0,40.0,,8,"8 | 7, 2º andar | quadrante 2",,1,
Imperador de Cabeção,2021-04-14,,20,30.0,20.0,190,8,,,20,
Imperador de Cabeção,2021-04-15,,30,50.0,40.0,,8,"8 | 7, 2º andar | quadrante 1",,12,
Imperador de Cabeção,2021-04-17,,25,45.0,35.0,160,8,"8 | 6, 2º andar | quadrante 1",,3,
Imperador de Cabeção,2021-04-18,,18,35.0,25.0,260,8,"7 | 8, 2º andar | quadrante 2",,18,
Imperador de Cabeção,2021-04-26,,23,40.0,30.0,155,8,"4 | 9, 2º andar | quadrante 1",,7,
Imperador de Cabeção,2021-04-29,,58,60.0,40.0,,8,"8 | 4, 1º andar | solto",,45,
Imperador de Cabeção,2021-04-30,,51,50.0,45.0,,8,"8 | 8, 1º andar | quadrante 2",,23,
Imperador de Cabeção,2021-05-01,,43,25.0,15.0,152,8,"8 | 6, 2º andar | quadrante 3",,43,
Imperador de Cabeção,2021-05-02,,52,25.0,15.0,240,8,"4 | 5, 2º andar | quadrante 4",,48,
Imperador de Cabeção,2021-05-04,,29,50.0,40.0,204,8,"2 | 3, 2º andar | quadrante 1",,29,
Imperador de Cabeção,2021-05-05,,40,,,,8,,,40,
Imperador de Cabeção,2021-05-06,,65,25.0,25.0,,8,,,33,
Imperador de Cabeção,2021-05-07,,47,40.0,40.0,224,8,,,47,
Imperador de Cabeção,2021-05-09,,41,40.0,30.0,321,8,,,41,
Imperador de Cabeção,2021-05-10,,35,30.0,30.0,,8,,,35,
Imperador de Cabeção,2021-05-11,,52,30.0,30.0,,8,,,12,
Imperador de Cabeção,2021-05-12,,35,40.0,30.0,,8,,,35,
Imperador de Cabeção,2021-05-13,,26,30.0,20.0,,8,,,26,
Imperador de Cabeção,2021-05-14,,30,,,,8,,,30,
Imperativo,2021-05-20,,36,40.0,30.0,,8,"8 | 2, 1º andar | quadrante 4",,1,
Imperativo,2021-05-21,,54,55.0,40.0,,8,"2 | 3, 2º andar | quadrane 4",,42,
Imperativo,2021-05-22,,65,40.0,35.0,,8,"8 | 8, 1º andar | quadrante 4",,32,
Indigo,,França,150,,,,14,,,17,
Irânico,2021-01-20,,47,,,,1,,,47,
Irânico,2021-01-21,,43,,,,1,,,19,
Irânico,2021-01-22,,41,,,,1,,,10,
Jardim,,várias,90,,,,8,"5 | 10, 1º andar | solto",,39,
Jardim,,várias,100,,,,8,"5 | 10, 1º andar | solto",,14,
Jardim,,várias,100,,,,8,"5 | 10, 1º andar | solto",,3,
Jardim,,várias,100,,,,8,"5 | 10, 1º andar | solto",,10,
Jardim,,várias,50,,,,8,"5 | 10, 1º andar | solto",,47,
Jardim,,várias,50,,,,8,"5 | 10, 1º andar | solto",,49,
Jardim (Spa),2022-02-21,,33,,,,6,"10 | 1, 2º andar | quad 2",,27,
Jardim (Spa),2022-02-22,,69,,,,6,"10 | 4, 1º andar | quad 1",,63,
Jardim (Spa),2022-02-23,,57,,,,6,"10 | 4, 2º andar | quad 4",,57,
Jardim (Spa),2022-02-24,,54,,,,6,"10 | 4, 2º andar | quad 3",,54,
Jasmim Plus,,Genequino,160,,,,5,,,19,
Jerusalem,2018-12-29,,37,55.0,50.0,210,,"7 | 4, 1º andar | quadrante 2",,8,
Jerusalem,2020-05-16,,62,,,,,,,52,
Jiu Jitsu,,França,315,,,,5,"8 | 6, 2º andar | quadrante 1,4",,209,
Joker,2017-08-14,,38,50.0,40.0,448,8,"5 | 9, 1º andar | quadrante 4",,11,
Joker,,14/08/2017*,39,45.0,30.0,344,8,"5 | 9, 1º andar | quadrante 4",,27,
Joker,2017-08-15,,48,55.0,45.0,228,8,"5 | 9, 1º andar | quadrante 1",,46,
Joker,2017-08-16,,41,50.0,40.0,208,8,"5 | 9, 1º andar | quadrante 3",,34,
Joker,2017-08-17,,55,60.0,50.0,334,8,"5 | 9, 1º andar | quadrante 2",,25,
Joker,2017-08-19,,44,55.0,40.0,408,8,"3 | 3, 2º andar | quadrante 4",,41,
Joker,2017-08-21,,51,45.0,35.0,265,8,"3 | 8, 2º andar | quadrante 4",,47,
Joker,2017-08-22,,65,30.0,25.0,240,8,3 | 8 2º andar | quadrante 1,,61,
Joker,2017-08-23,,46,45.0,30.0,320,8,"3 | 8, 2º andar | quadrante 3",,33,
Joker,2017-08-24,,59,55.0,40.0,276,8,"3 | 8, 2º andar | quadrante 2",,44,
Joker,2017-08-25,,58,50.0,40.0,344,8,"5 | 6, 2º andar | quadrante 2",,45,
Joker,2017-08-27,,44,40.0,35.0,322,8,"5 | 6, 2º andar | quadrante 3",,22,
Joker,2017-08-28,,44,50.0,40.0,466,8,"5 | 6, 2º andar | gobelet,hexagono",,3,
Joker,2017-08-29,,52,40.0,30.0,440,8,"5 | 6, 2º andar | quadrante 4",,36,
Joker,2017-08-30,,39,40.0,30.0,458,8,"5 | 6, 2º andar | gobelet, hexagono",,33,
Joker,2017-08-31,,33,35.0,30.0,334,8,"3 | 8, 2º andar | hexagono",,28,
Joker,2017-09-01,,24,50.0,40.0,308,8,"3 | 8, 2º andar | gobelet",,3,
Joker,2017-09-02,,26,60.0,50.0,232,8,"3 | 8, 2º andar | gobelet",,13,
Joker,2017-09-08,,22,65.0,50.0,238,8,"3 | 8, 2º andar | gobelet",,9,
Joker,2017-09-10,,41,55.0,40.0,214,8,"5 | 5, 2º andar | hexagono,gobelet",,9,
Jovian,,Alemanha,,,,,1,8 | 6 | 2º andar,,31,
Kjento,,alemanha,,,,,1,,,12,
Labryere,2016-05-07,,61,75.0,55.0,,,"3 | 7, 2º andar | quadrante 2",,37,
Labryere,2016-05-10,,59,,,,,"3 | 7, 2º andar | quadrante 2",,59,
Laos,2021-04-22,,53,50.0,505.0,221,,"5 | 3, 2º andar | quadrante 4",,32,
Laos,2021-04-23,,19,60.0,50.0,216,,"7 | 5, 2º andar | quadrante 2",,7,
Laos,2021-04-25,,57,45.0,40.0,272,,6 | 9,,21,
Laos,2021-04-25,,32,50.0,505.0,266,,"8 | 8, 2º andar | quadrante 2",,11,
Laos,2021-04-26,,19,50.0,45.0,220,,"8 | 2, 1º andar | quadrante 3",,6,
Laos,2021-04-27,,47,60.0,55.0,215,,"2 | 3, 2º andar | quadrante 1",,43,
Laos,2021-04-28,,52,50.0,45.0,183,,"3 | 8, 1º andar | quadrante 3",,14,
Laos,,28.11.2024,47,,,,,,,47,
Laos,,29.11.2024,48,,,,,,,48,
Laos,,30.11.2024,38,,,,,,,38,
Laos,,01.12.2024,40,,,,,,,40,
Laos,,02.12.2024,52,,,,,,,34,
Laos,,26.11.2024A,67,,,,,,,35,
Laos,,27.11.2024A,52,,,,,,,32,
Latino das Faias,2019-12-15,,16,20.0,15.0,207,,"1 | 3, 2º andar | 2 gobelets",,16,
Latino das Faias,2019-12-16,,26,25.0,20.0,,,"2 | 9, 2º andar | quadrante 1",,26,
Latino das Faias,2019-12-17,,41,,,,,"2 | 9, 2º andar | quadrante 1",,41,
Latino das Faias,2019-12-18,,53,1985.0,,,,"1 | 1, 2º andar | quadrante 3",,53,
Latino das Faias,2019-12-19,,22,,,,,,,22,
Latino das Faias,2019-12-20,,33,30.0,25.0,208,,"7 | 2, 2º andar | quadrante 4",,33,
Latino das Faias,2019-12-21,,39,,,,,,,39,
Latino das Faias,2019-12-22,,36,,,,,,,36,
Latino das Faias,2019-12-23,,34,,,,,"4 | 2, 2º andar | quadrante 1",,34,
Latino das Faias,2019-12-10,,43,35.0,30.0,302,,,,43,
Latino das Faias,2019-12-12,,38,40.0,30.0,288,,,,38,
Latino das Faias,2019-12-26,,30,30.0,30.0,328,,,,30,
Latino das Faias,2019-12-27,,21,,,,,,,21,
Latino das Faias,2019-12-28,,47,,,,,,,47,
Lavrador,2019-03-13,,25,40.0,40.0,204,6,"6 | 9, 2º andar | hexagono",,1,
Lavrador,2019-03-14,,28,45.0,40.0,200,6,"6 | 9, 1º andar | quadrante 2",,4,
Lavrador,2019-03-15,,25,50.0,40.0,232,6,"6 | 9, 1º andar | hexagono",,2,
Lavrador,2019-03-16,,58,50.0,45.0,160,6,"6 | 9, 1º andar | quadrante 4",,18,
Lavrador,2019-03-17,,30,55.0,45.0,226,6,"7 | 4, 1º andar | hexagono",,2,
Lavrador,2019-03-18,,34,45.0,40.0,222,6,"5 | 3, 1º andar | hexagono",,28,
Lavrador,2019-03-19,,40,50.0,40.0,270,6,"1 | 1, 2º andar | quadrante 4",,6,
Lavrador,2019-03-20,,35,40.0,35.0,196,6,"3 | 5, 2º andar | quadrante 1",,7,
Lavrador,2019-03-21,,36,55.0,45.0,208,6,"5 | 3, 2º andar | quadrante 4",,4,
Lavrador,2019-03-22,,31,50.0,40.0,228,6,"2 | 7, 1º andar | quadrante 3",,31,
Lázaro,2023-05-03,,57,55.0,45.0,341,4,,,57,
Lázaro,2023-05-04,,76,60.0,50.0,255,4,,,76,
Lázaro,2023-05-05,,73,,,,4,,,73,
Lázaro,2023-05-06,,70,,,,4,,,70,
Lázaro,2023-05-07,,47,,,,4,,,47,
Leão,2024-02-26,,47,65.0,60.0,192,,,,47,
Leão,2024-02-27,,92,55.0,50.0,185,,,,92,
Leão,2024-02-28,,57,65.0,60.0,,,,,57,
Leão,2024-03-01,,55,70.0,60.0,180,,,,55,
Leão,2024-03-02,,61,60.0,55.0,,,,,61,
Leão,2024-03-03,,54,70.0,60.0,278,,,,54,
Lider,,genequino,,,,,3,,,25,
Liopele,2022-02-07,,27,,,,6,,,27,
Liopele,2022-02-08,,64,,,,6,,,64,
Liopele,2022-02-09,,25,,,,6,,,25,
Liopele,2022-02-10,,39,,,,6,,,39,
Lord Plus,,Genequino,104,,,,,,,10,
Loulou DLG,,HDLG,40,,,,,,,24,
Luft,,11.11.2024,80,0.0,,247,5,,,64,
Luft,,12.11.2024,79,0.0,,289,5,,,73,
Luft,,13.11.2024,56,0.0,,218,5,,,43,
Marechal do Castanheiro,2025-06-02,,50,60.0,,261,6,,,50,
Marechal do Castanheiro,2025-06-05,,53,40.0,,267,6,,,53,
Marechal do Castanheiro,2025-06-07,,30,40.0,,102,6,,,30,
Marechal do Castanheiro,2025-06-08,,72,,,,6,,,72,
Marechal do Castanheiro,2025-06-09,,34,,,,6,,,34,
Marechal do Castanheiro,2025-06-11,,53,50.0,,237,6,,,8,
Marechal do Castanheiro,2025-06-12,,40,40.0,,209,6,,,28,
Marechal do Castanheiro,2025-06-13,,28,,,,6,,,28,
Marechal do Castanheiro,2025-06-14,,43,60.0,,278,6,,,43,
Marechal do Castanheiro,2025-06-15,,88,50.0,,258,6,,,75,
Marechal do Castanheiro,2025-06-16,,26,40.0,,196,6,,,6,
Marechal do Castanheiro,2025-06-19,,37,35.0,,,6,,,19,
Marechal do Castanheiro,2025-06-21,,66,55.0,,229,6,,,10,
Marechal do Castanheiro,2025-06-24,,42,60.0,,193,6,,,10,
Marechal do Castanheiro,2025-06-25,,76,60.0,,307,6,,,9,
Marquês do Lis,2023-08-07,,62,35.0,25.0,203,8,,,62,
Marquês do Lis,2023-08-11,,68,40.0,30.0,269,8,,,68,
Marquês do Lis,2023-08-12,,49,50.0,40.0,290,6,,,49,
Mistral,,espanha,37,,,,,,,29,
Mistral,2024-03-12,,81,,,,,,,13,
Mozart,2021-04-07,,56,,,,,"6 | 10, 2º andar | quadrante 1",,56,
Mozart,2021-04-09,,25,,,,,"7 | 8, 2º andar | quadrante 1",,25,
Mozart,2021-04-12,,26,,,,,"8 | 8, 2º andar | quadrante 2",,26,
Mozart,2021-04-15,,45,,,,,"8 | 4, 1º andar | quadrante 2",,45,
Nadal,2025-04-26,,36,40.0,,235,6,,,36,
Nadal,2025-04-27,,58,50.0,,260,6,,,58,
Nadal,2025-04-28,,76,,,,6,,,76,
Nadal,2025-04-29,,37,50.0,,249,6,,,37,
Nadal,2025-04-30,,44,50.0,,278,6,,,44,
Nadal,2025-05-01,,62,40.0,,232,6,,,62,
Negro,,,18,,,,,,,18,
Neptuno,2024-06-30,,34,,,,,,,34,
Neptuno,2024-07-01,,36,,,,,,,36,
Neptuno,2024-07-02,,23,,,,,,,23,
Neptuno,2024-07-04,,33,,,,,,,33,
Neptuno,2024-07-05,,41,,,,,,,41,
Nescafé,2022-02-08,,33,,,,6,,,33,
Nescafé,2022-02-09,,53,,,,6,,,53,
Nescafé,2022-02-10,,47,,,,6,,,47,
Nove,2023-02-27,,30,40.0,35.0,252,6,,,14,
Nove,2023-02-28,,22,45.0,40.0,255,6,,,22,
Nove,2023-03-01,,33,35.0,35.0,228,6,,,33,
Nove,2023-03-02,,32,45.0,40.0,205,6,,,32,
Nove,2023-03-03,,27,40.0,35.0,226,6,,,27,
Nove,2023-03-04,,23,50.0,4.0,184,6,,,23,
Nove,2023-03-05,,26,40.0,35.0,178,6,,,26,
Nove,2023-03-06,,22,35.0,30.0,270,6,,,22,
Nove,2023-03-07,,23,50.0,45.0,181,6,,,23,
Nove,2024-01-05,,33,50.0,45.0,138,6,,,33,
Nove,2024-01-06,,31,65.0,60.0,192,6,,,31,
Nove,2024-01-07,,66,60.0,55.0,113,6,,,66,
Nove,2024-01-08,,30,40.0,35.0,252,6,,,30,
Nove,2024-01-09,,20,60.0,55.0,205,6,,,20,
Nove,2024-01-10,,34,60.0,50.0,261,6,,,34,
Nove,2024-01-11,,46,60.0,50.0,271,6,,,34,
Nove,2024-01-12,,24,60.0,55.0,253,6,,,11,
Nove,2024-01-13,,35,60.0,55.0,139,6,,,35,
Nove,2024-01-14,,31,60.0,55.0,245,6,,,31,
Nobre Saramunheiro,2022-02-07,,22,,,,4,"10 | 1, 1º andar | quad 2",,6,
Nobre Saramunheiro,2022-02-08,,60,,,,4,"10 | 1, 1º andar | quad 1",,40,
Nobre Saramunheiro,2022-02-09,,45,,,,4,"10 | 1, 2º andar | quad 4",,25,
Nobre Saramunheiro,2022-02-10,,60,,,,4,"10 | 4, 1º andar | quad 3",,60,
Nobre Saramunheiro,2022-02-11,,58,,,,4,"7 | 9, 2º andar | quad 2",,58,
Nobre Saramunheiro,2022-02-12,,62,,,,4,"10 | 4, 2º andar | quad 2",,50,
Nobre Saramunheiro,2022-02-13,,32,,,,4,"10 | 4, 2º andar | quad 1",,20,
Nobre Saramunheiro AM,,24.09.2023,85,45.0,35.0,206,4,,,79,
Nobre Saramunheiro AM,,25.09.2023,91,50.0,40.0,190,4,,,91,
Nobre Saramunheiro AM,2023-09-26,,89,55.0,45.0,226,4,,,79,
Nobre Saramunheiro AM,2023-09-27,,102,55.0,40.0,240,4,,,102,
Nobre Saramunheiro AM,2023-09-27,,91,,,,4,,,30,
Nobre Saramunheiro AM,2023-09-30,,86,,,,4,,,28,
Nobre Saramunheiro AM,2023-10-01,,72,50.0,40.0,244,4,,,72,
Nobre Saramunheiro AM,2023-10-02,,75,45.0,40.0,263,4,,,75,
Nobre Saramunheiro AM,2023-10-03,,87,,,,4,,,87,
Nobre Saramunheiro AM,2023-10-04,,83,60.0,55.0,228,4,,,83,
Nobre Saramunheiro AM,2023-10-07,,79,,,,4,,,79,
Nobre Saramunheiro AM,2023-10-08,,80,60.0,5.0,233,4,,,80,
Nobre Saramunheiro AM,2023-10-09,,53,,,,4,,,17,
Nobre Saramunheiro AM,2023-10-10,,77,,,,4,,,47,
Notavel do Lagar,2021-03-20,,9,,,,15,,,9,
Notavel do Lagar,2021-03-24,,12,,,,15,,,3,
Notavel do Lagar,2021-03-25,,15,,,,15,,,1,
Notavel do Lagar,2021-03-26,,25,,,,15,,,12,
Notavel do Lagar,2021-03-28,,21,,,,15,,,8,
Nuelo das Lezirias,2021-12-24,,21,,,,2,"6 | 10, 2º andar | quadrante 3",,6,
Nuelo das Lezirias,2022-01-30,,27,,,,2,"7 | 7, 1º andar | quadrante 4",,16,
Nuelo das Lezirias,2020-02-09,,47,55.0,45.0,408,Não exportar,"10 | 2, 2º andar | quad 4",,1,
Nuelo das Lezirias,2021-02-10,,43,50.0,45.0,384,Não exportar,"9 | 4, 2º andar | quad 1",,13,
Nuelo das Lezirias,2022-12-21,,62,55.0,45.0,280,2,"5 | 1, 1º andar | quadrante 3",,23,
Nuelo das Lezirias,2024-01-03,,36,60.0,55.0,141,2,,,15,
Nuelo das Lezirias,2024-01-06,,66,70.0,65.0,183,2,,,5,
Nuelo das Lezirias,2024-01-07,,77,70.0,60.0,173,2,,,10,
Nuelo das Lezirias,2024-01-11,,58,75.0,70.0,232,2,,,26,
Nuelo das Lezirias,2024-01-12,,56,60.0,50.0,235,2,,,46,
Nuelo das Lezirias,2024-01-13,,41,60.0,50.0,216,2,,,4,
Nuelo das Lezirias,2024-01-15,,58,60.0,50.0,322,2,,,13,
Nuelo das Lezirias,2024-01-16,,48,70.0,60.0,314,2,,,7,
Nuelo das Lezirias,2024-01-17,,70,50.0,40.0,155,2,,,19,
Nuelo das Lezirias,2024-01-18,,78,60.0,50.0,202,2,,,10,
Nuelo das Lezirias,2024-01-19,,61,50.0,40.0,252,2,,,53,
Nuelo das Lezirias,2024-01-23,,42,,,,2,,,42,
Nuelo das Lezirias,2024-01-24,,42,,,,2,,,42,
Nuelo das Lezirias,2024-01-25,,61,,,,2,,,43,
Nuelo das Lezirias,2024-01-26,,67,,,,2,,,67,
Nuelo das Lezirias,2024-01-27,,61,,,,2,,,61,
Nuelo das Lezirias,2024-01-29,,38,,,,2,,,38,
Nuelo das Lezirias,2024-01-30,,60,,,,2,,,60,
Nuelo das Lezirias,2024-02-01,,67,,,,2,,,67,
Nuelo das Lezirias,2024-02-02,,41,,,,2,,,5,
Nuelo das Lezirias,2024-02-05,,56,,,,2,,,56,
Nuelo das Lezirias,2024-02-07,,60,,,,2,,,60,
Nuelo das Lezirias,2024-02-08,,52,,,,2,,,52,
Nuelo das Lezirias,2024-02-09,,47,,,,2,,,9,
Nuelo das Lezirias,2024-02-10,,63,,,,2,,,54,
Nuelo das Lezirias,2024-02-11,,50,,,,2,,,50,
Nuelo das Lezirias,2024-02-12,,29,,,,2,,,29,
Nuelo das Lezirias,2024-02-13,,40,,,,2,,,21,
Nuelo das Lezirias,2024-02-15,,52,,,,2,,,10,
Nuelo das Lezirias,2024-02-16,,50,,,,2,,,35,
Nuelo das Lezirias,2021-12-28,,57,,,,2,,,8,
Nuelo das Lezirias,2021-12-29,,37,,,,2,,,37,
Nuelo das Lezirias,2021-12-31,,49,,,,2,,,19,
Nuelo das Lezirias,2022-01-04,,58,,,,2,,,33,
Nuelo das Lezirias,2022-01-05,,57,,,,2,,,17,
Nuelo das Lezirias,2022-01-06,,33,,,,2,,,2,
Nuelo das Lezirias,2022-01-09,,33,,,,2,,,23,
Dom Pedro,2025-06-05,,68,20.0,,,,,,68,
Dom Pedro,2025-06-14,,54,60.0,,284,,,,54,
Dom Pedro,2025-06-17,,48,55.0,,272,,,,48,
Dom Pedro,2025-06-19,,91,50.0,,302,,,,18,
Dom Pedro,2025-06-21,,67,50.0,,151,,,,67,
Dom Pedro,2025-06-22,,102,10.0,,,,,,102,
Dom Pedro,2025-06-24,,67,40.0,,151,,,,67,
Dom Pedro,2025-06-25,,36,35.0,,197,,,,36,
Dom Pedro,2025-06-26,,92,30.0,,280,,,,60,
Oboé,,04.12.2024,72,,,,,,,5,
Oboé,2024-12-05,,38,35.0,,263,8,,,38,
Oboé,2024-12-06,,42,10.0,,,8,,,42,
Oboé,2024-12-07,,33,50.0,,202,4,,,33,
Oboé,2024-12-08,,50,45.0,,242,4,,,50,
Oboé,2024-12-09,,66,50.0,,308,4,,,66,
Oboé,2024-11-26,,47,40.0,,265,4,,,47,
Oboé,2024-11-27,,48,50.0,,306,4,,,48,
Oboé,2024-11-28,,54,55.0,,211,4,,,54,
Oboé,2024-11-29,,52,,,,4,,,52,
Oboé,2024-12-30,,50,50.0,,346,4,,,50,
Opikor Cid,2024-03-29,,60,,,,6,,,19,
Opikor Cid,2024-04-01,,78,50.0,45.0,,6,,,19,
Opikor Cid,2024-04-03,,112,50.0,40.0,,6,,,94,
Oriente das Faias,2025-03-14,,63,50.0,,189,4,,,63,
Oriente das Faias,2025-03-15,,52,40.0,,219,4,,,52,
Oriente das Faias,2025-03-16,,42,35.0,,192,4,,,42,
Oriente das Faias,2025-03-17,,41,40.0,,202,4,,,41,
Oriente das Faias,2025-03-18,,54,40.0,,244,4,,,54,
Oriente das Faias,2025-03-19,,56,50.0,,241,4,,,56,
Oriente das Faias,2025-03-20,,48,45.0,,279,4,,,48,
Oriente das Faias,2025-03-21,,56,50.0,,309,4,,,56,
Oriente das Faias,2025-03-22,,44,50.0,,265,4,,,44,
Oriente das Faias,2025-03-23,,49,35.0,,242,4,,,49,
Oriente das Faias,2025-03-24,,74,60.0,,265,4,,,74,
Oriente das Faias,2025-03-25,,44,50.0,,206,4,,,44,
Oriente das Faias,2025-03-26,,52,40.0,,254,4,,,52,
Oriente das Faias,2025-03-27,,57,35.0,,198,4,,,57,
Oriente das Faias,2025-03-28,,47,,,,4,,,47,
Oriente das Faias,2025-03-29,,44,40.0,,283,4,,,44,
Pagão,2017-12-05,,54,50.0,35.0,,4,"2 | 8, 2º andar | quadrante 3",,54,
Pagão,2017-12-06,,57,50.0,35.0,236,4,"6 | 5, 1º andar | quadrante 1",,51,
Pagão,2017-12-07,,35,40.0,25.0,262,4,"6 | 5, 1º andar | quadrante 3",,29,
Pagão,2017-12-08,,36,40.0,30.0,226,4,"6 | 5, 1º andar | qudrante 3",,36,
Pagão,2017-12-09,,14,1975.0,,88,4,"6 | 5, 1º andar | gobelet",,14,
Pagão,2017-12-10,,33,50.0,40.0,370,4,"6 | 5, 1º andar | quadrante 4",,33,
Pagão,2017-12-11,,81,60.0,45.0,264,4,"6 | 5, 1º andar | quadrante 2",,81,
Pagão,2017-12-12,,39,50.0,40.0,276,4,"6 | 5, 1º andar | hexagono",,27,
Patrão,2025-05-04,,14,25.0,,,8,,,14,
Patrão,2025-05-05,,18,35.0,,,8,,,18,
Patrão,2025-05-06,,16,35.0,,,8,,,16,
Patrão,2025-05-08,,18,40.0,,,8,,,18,
Patrão,2025-05-09,,13,30.0,,,8,,,13,
Perfeito Concelhos,2025-03-05,,29,50.0,,220,8,,,29,
Perfeito Concelhos,2025-03-06,,50,50.0,,246,8,,,50,
Perfeito Concelhos,2025-03-07,,41,50.0,,148,8,,,41,
Perfeito Concelhos,2025-03-08,,26,50.0,,202,8,,,26,
Perfeito Concelhos,2025-03-09,,33,50.0,,254,8,,,33,
Perfeito Concelhos,2025-03-10,,34,30.0,,194,8,,,34,
Perfeito Concelhos,2025-03-11,,29,60.0,,291,8,,,41,
Perfeito Concelhos,2025-03-12,,49,50.0,,287,8,,,29,
Perfeito Concelhos,2025-03-13,,18,35.0,,256,8,,,49,
Perfeito Concelhos,2025-03-14,,35,50.0,,222,8,,,35,
Perfeito Concelhos,2025-03-15,,40,30.0,,288,8,,,40,
Perfeito Concelhos,2025-03-16,,29,30.0,,209,8,,,29,
Perfeito Concelhos,2025-03-17,,55,40.0,,161,8,,,55,
Perfeito Concelhos,2025-03-18,,56,40.0,,269,8,,,56,
Perfeito Concelhos,2025-03-19,,35,40.0,,300,8,,,35,
Perfeito Concelhos,2025-03-20,,44,50.0,,199,8,,,44,
Perfeito Concelhos,2025-03-21,,46,50.0,,173,8,,,46,
Perfeito Concelhos,2025-03-22,,43,25.0,,263,8,,,43,
Perfeito Concelhos,2025-03-23,,66,40.0,,253,8,,,66,
Peridoto,2025-06-14,,62,70.0,,310,4,,,62,
Peridoto,2025-06-17,,70,70.0,,288,4,,,70,
Peridoto,2025-06-18,,44,,,,4,,,44,
Peridoto,2025-06-19,,45,60.0,,286,4,,,45,
Peridoto,2025-06-20,,71,60.0,,239,4,,,71,
Peridoto,2025-06-21,,62,70.0,,273,4,,,62,
Pirata,,03.01.2023,22,30.0,20.0,256,8,"12 | 2, 2º andar | hexagono",,22,
Pirata,,04.01.2023,34,35.0,2.0,181,8,"12 | 2, 2º andar | quad 1",,34,
Pirata,,05.01.2023,34,35.0,25.0,288,8,"12 | 3, 1º andar | quad 2",,34,
Pirata,,06.01.2023,26,40.0,30.0,256,8,"3 | 4, 2º andar | quadrante 2",,26,
Pirata,2023-01-09,,10,40.0,30.0,300,8,"10 | 5, 2º andar | quad 3",,10,
Pirata,2023-01-10,,23,35.0,25.0,288,8,"6 | 7, 1º andar | quadrante 4",,23,
Pirata,2023-01-12,,10,45.0,35.0,248,8,"1 | 6, 2º andar | 3º quadrante",,10,
Pirata,2023-01-13,,32,45.0,35.0,236,8,"7 | 4, 2º andar | quadrante 3",,32,
Pirata,2023-01-14,,15,25.0,15.0,217,8,"2 | 10, 2º andar | quadrante 3",,15,
Pirata,2023-01-15,,14,35.0,25.0,233,8,"8 | 1, 1º andar | gob",,14,
Peralta dos Pinhais,,Genequino,,,,,5,,,167,
Poderoso Top,,01.04.2024,65,,,,3,,,55,
Poderoso Top,,02.04.2024,37,,,,3,,,37,
Poderoso Top,,03.04.2024,43,,,,3,,,9,
Poderoso Top,,04.04.2024,46,,,,3,,,20,
Poderoso Top,,06.04.2024,48,50.0,40.0,180,3,,,23,
Poderoso Top,,19.04.2024,69,,,,3,,,59,
Poderoso Top,,20.04.2024,64,,,,3,,,9,
Poderoso Top,,23.04.2024,30,,,,3,,,12,
Poeta Plus Thiago,,Espanha,,,,,8,,,250,
"Poeta Plus T,A",,16.01.23,23,10.0,5.0,173,,6 | 6,,23,
"Poeta Plus T,A",,17.01.23,18,5.0,,166,,,,18,
"Poeta Plus T,A",,18.01.23,29,40.0,35.0,167,,5 | 3,,29,
"Poeta Plus T,A",,19.01.23,18,5.0,,338,,10 | 2,,18,
"Poeta Plus T,A",,20.01.23,33,15.0,10.0,,,3 | 10,,33,
"Poeta Plus T,A",,21.01.23,15,5.0,,23,,3 | 3,,15,
"Poeta Plus T,A",,22.01.23,36,20.0,10.0,290,,5 | 4,,36,
"Poeta Plus T,A",,23.01.23,31,10.0,5.0,208,,3 | 9,,31,
"Poeta Plus T,A",,24.01.23,40,5.0,,300,,4 | 6,,40,
"Poeta Plus T,A",,25.01.23,43,15.0,10.0,276,,9 | 4,,43,
"Poeta Plus T,A",,26.01.23,40,1990.0,,279,,5 | 10,,40,
"Poeta Plus T,A",,27.01.23,34,25.0,20.0,300,,7 | 8,,34,
"Poeta Plus T,A",,28.01.23,17,5.0,5.0,200,,4 | 7,,17,
"Poeta Plus T,A",,29.01.23,18,30.0,20.0,259,,1 | 2,,18,
"Poeta Plus T,A",,30.01.23,31,30.0,20.0,285,,6 | 9,,31,
"Poeta Plus T,A",,31.01.23,11,,,,,3 | 7,,11,
Poeta do Convento,,epi,,,,,8,,,167,
Poison,2024-02-02,,38,25.0,20.0,,6,,,38,
Poison,2024-03-05,,56,30.0,20.0,212,6,,,56,
Poison,2024-03-09,,49,60.0,50.0,222,6,,,37,
Poison,2024-03-11,,48,45.0,40.0,276,6,,,48,
Poison,2024-03-14,,46,50.0,45.0,282,6,,,46,
Poison,2024-03-16,,37,50.0,45.0,259,6,,,37,
Poison,2024-03-18,,42,60.0,55.0,296,6,,,8,
Poison,2024-03-20,,48,50.0,45.0,173,6,,,28,
Poison,2024-03-21,,57,,,,6,,,57,
Poison,2024-03-22,,58,50.0,40.0,207,6,,,58,
Poison,2024-03-23,,61,60.0,55.0,270,6,,,55,
Poison,2024-03-24,,30,,,,6,,,30,
Perdigão,,hdlg,,,,,,,,20,
Quadrado,2025-01-16,,63,,,,,,,63,
Quadrado,2025-01-20,,48,,,,,,,48,
Quadrado,2025-01-27,,2,,,,,,,2,
Que-Idolo,2025-04-20,,45,60.0,,154,4,,,45,
Que-Idolo,2025-04-21,,58,60.0,,218,4,,,58,
Que-Idolo,2025-04-22,,38,70.0,,146,4,,,38,
Que-Idolo,2025-04-23,,62,70.0,,349,4,,,62,
Que-Idolo,2025-04-27,,52,70.0,,286,4,,,52,
Que-Idolo,2025-04-28,,59,,,,4,,,59,
Que-Idolo,2025-04-29,,26,60.0,,277,4,,,26,
Que-Idolo,2025-04-30,,22,70.0,,251,4,,,22,
Que-Idolo,2025-05-01,,45,70.0,,320,4,,,45,
Que-Idolo,2025-05-02,,58,,,,4,,,58,
Que-Idolo,2025-05-03,,64,70.0,,275,4,,,64,
Que-Idolo,2025-05-04,,52,60.0,,276,4,,,52,
Que-Idolo,2025-05-05,,59,70.0,,197,4,,,59,
Que-Idolo,2025-05-06,,48,60.0,,311,4,,,48,
Que-Idolo,2025-05-07,,40,70.0,,,4,,,40,
Que-Idolo,2025-05-08,,54,70.0,,301,4,,,54,
Que-Idolo,2025-05-09,,85,70.0,,221,4,,,85,
Queluz do Luar,,frança,381,,,,,,,310,
Queluz do Luar,,frança,832,,,,,,,81,
Queluz das Figueiras,2023-08-24,,77,50.0,40.0,225,4,,,71,
Queluz das Figueiras,2023-08-31,,52,70.0,60.0,232,4,,,52,
Queluz das Figueiras,2023-09-05,,42,70.0,60.0,350,4,,,42,
Queluz das Figueiras,2023-09-14,,43,,,,4,,,24,
Queluz das Figueiras,2023-09-19,,47,,,,4,,,25,
Queluz das Figueiras,2023-09-21,,34,75.0,65.0,224,4,,,34,
Queluz das Figueiras,2023-09-29,,58,60.0,55.0,164,4,,,58,
Queluz das Figueiras,2023-09-30,,39,70.0,60.0,142,4,,,34,
Queluz das Figueiras,2023-10-11,,42,75.0,70.0,294,4,,,42,
Queluz das Figueiras,2023-10-13,,51,70.0,60.0,205,4,,,25,
Queluz das Figueiras,2023-10-16,,47,65.0,60.0,252,4,,,35,
Queluz das Figueiras,2023-10-18,,44,,,,4,,,44,
Queluz das Figueiras,2023-10-20,,60,70.0,65.0,231,4,,,60,
Queluz das Figueiras,2023-10-23,,52,70.0,65.0,255,4,,,7,
Queluz das Figueiras,2023-10-25,,56,60.0,55.0,187,4,,,35,
Queluz das Figueiras,2023-11-30,,51,60.0,55.0,197,4,,,51,
Queluz das Figueiras,2023-11-01,,23,70.0,65.0,266,4,,,23,
Queluz das Figueiras,2023-11-09,,61,,,,4,,,53,
Quiebro das Arcas,,05.01.2025,28,60.0,,171,8,,,28,
Quiebro das Arcas,,06.01.2025,70,50.0,,132,8,,,24,
Regente,2015-05-13,,100,,,,8,"5 | 10, 2º andar | quadrante 2, 3",,74,
Regente,2015-05-15,,71,,,,8,"5 | 10, 2º andar | quadrante 1",,64,
Requinte,,03.01.2024,25,45.0,35.0,194,,,,9,
Requinte,,11.01.2024,40,65.0,60.0,24,6,,,13,
Requinte,,12.01.2024,32,70.0,65.0,176,,,,20,
Rico,2009-01-14,,7,,,,1,"4 | 2, 1º andar | solto",,4,
Rico,2009-01-18,,18,,,,1,"4 | 2, 1º andar | solto",,15,
Rico,2009-01-20,,15,,,,1,"4 | 2, 1º andar | solto",,12,
Rico,2009-01-22,,18,,,,1,"4 | 2, 1º andar | solto",,9,
Rico,2009-11-23,,7,,,,1,"4 | 2, 1º andar | solto",,3,
Rico,2009-01-27,,7,,,,1,"4 | 2, 1º andar | solto",,1,
Rico,2009-05-29,,5,,,,1,"4 | 2, 1º andar | solto",,5,
Rossy da Berlenga,2025-05-19,,33,70.0,,214,6,,,33,
Rossy da Berlenga,2025-05-20,,34,60.0,,242,6,,,34,
Rossy da Berlenga,2025-05-21,,41,70.0,,213,6,,,41,
Rossy da Berlenga,2025-05-22,,33,60.0,,178,6,,,33,
Rossy da Berlenga,2025-05-23,,41,70.0,,282,6,,,41,
Rubi,,2014,2421,,,,,,,200,
Rubi,,2016,746,,,,,,,25,
Soberano,,39/2013,40,,,,8,"7 | 3, 1º andar | quadrante 2",,69,
Soberano,,43/2013,30,,,,8,"7 | 3, 1º andar | quadrante 4",,6,
Soberano,2017-12-05,,46,20.0,15.0,,8,"7 | 3, 1º andar | quadrante 3",,46,
Soberano,2017-12-06,,35,45.0,35.0,384,8,"7 | 3, 1º andar | quadrante 1",,35,
Soberano,2017-12-07,,56,45.0,40.0,178,8,,,56,
Soberano,2017-12-08,,58,65.0,45.0,172,8,"6 | 8, 1º andar | 2 gobelets",,35,
Soberano,2017-12-09,,35,40.0,30.0,194,8,"6 | 1, 1º andar | hexagono",,13,
Soberano,2017-12-12,,56,40.0,30.0,148,8,"6 | 1, 1º andar | quadrante 4",,26,
Soberano,2017-12-13,,43,45.0,30.0,110,8,"6 | 1, 2º andar | quadrante 1",,8,
Soberano,2017-12-14,,48,40.0,30.0,132,8,"6 | 1, 2º andar | quadrante 3",,23,
Soberano,2017-12-15,,54,55.0,40.0,332,8,"6 | 1, 1º andar | quadrante 1",,24,
Soberano,2017-12-16,,38,30.0,25.0,280,8,"6 | 1, 1º andar | quadrante 3",,38,
Soberano,2017-12-18,,55,50.0,40.0,172,8,"6 | 1, 2º andar | quadrante 4",,11,
Soberano,2017-12-19,,47,55.0,40.0,300,8,"6 | 1, 2º andar | quadrante 2",,3,
Soberano,2017-12-20,,45,50.0,40.0,172,8,"6 | 1, 2º andar | hexagono",,21,
Soberano,2017-12-21,,47,50.0,40.0,196,8,"6 | 3, 1º andar | quadrante 2",,21,
Soberano,2017-12-22,,46,45.0,35.0,150,8,"6 | 3, 1º andar | quadrante 3",,23,
Soberano,2017-12-23,,71,,,,8,"6 | 3, 1º andar | quadrante 4",,71,
Soberano,2017-12-26,,58,,,,8,"6 | 1, 2º andar | 2 gobelet",,58,
Soberano,2017-12-27,,58,,,,8,"6 | 3, 1º andar | gobelet,haxagono",,58,
Soberano,2017-12-30,,41,,,,8,"6 | 3, 1º andar | hexagono,gobelet",,41,
Soberano,2018-01-02,,34,,,,8,"6 | 8, 1º andar | quadrante 1",,34,
Soberano,2018-01-04,,40,,,,8,"6 | 8, 1º andar | quadrante",,40,
Soberano,2018-01-06,,50,,,,8,"6 | 8, 1º andar | quadrante 2",,50,
Soberano,2018-01-08,,47,,,,8,"6 | 8, 1º andar | quadrante 3",,47,
Soberano,2018-01-09,,36,,,,8,"6 | 8, 1º andar | hexagono",,36,
Soberano,2018-01-11,,33,,,,8,"6 | 8, 1º andar | hexagono",,33,
Soberano,2018-01-13,,43,45.0,30.0,320,8,"2 | 1, 1º andar | hexagono, gobelet",,43,
Soberano,2018-01-15,,46,50.0,40.0,308,8,"2 | 1, 1º andar | quadrante 4",,46,
Soberano,2018-01-17,,33,50.0,40.0,248,8,"2 | 1, 1º andar | hexagono",,33,
Soberano,2018-01-20,,39,65.0,55.0,178,8,"2 | 1, 1º andar | quadrante 3",,39,
Soberano,2018-01-22,,43,50.0,45.0,268,8,"2 | 1, 1º andar | quadrante 2",,43,
Soberano,2018-01-24,,38,55.0,45.0,224,8,"2 | 1, 1º andar | haxagono",,38,
Soberano,2018-01-26,,56,55.0,40.0,154,8,"2 | 1, 1º andar | quadrante 1",,56,
Sábio,2017-11-25,,48,30.0,25.0,152,8,,,48,
Sábio,2017-11-26,,47,25.0,20.0,98,8,,,47,
Sniper,2025-04-24,,61,70.0,,294,4,,,61,
Sniper,2025-04-29,,73,70.0,,305,4,,,73,
Sniper,2025-05-02,,92,70.0,,211,4,,,92,
Sniper,2025-05-07,,97,80.0,,295,4,,,97,
Spartacus,2018-01-04,,36,15.0,10.0,70,,"6 | 7, 2º andar | quadrante 2",,13,
Spartacus,2018-01-05,,9,20.0,15.0,206,,"6 | 7, 2º andar | quadrante 4",,3,
Spartacus,2018-01-06,,9,15.0,10.0,248,,"6 | 7, 2º andar | quadrante 4",,5,
Spartacus,2018-01-07,,8,30.0,20.0,,,"6 | 7, 2º andar | quadrante 4",,1,
Spartacus,2018-01-10,,15,45.0,30.0,270,,"6 | 7, 2º andar | quadrante 1",,1,
Spartacus,2018-01-11,,8,20.0,15.0,139,,"6 | 3, 2º andar | gobelet",,3,
Spartacus,2018-01-15,,12,20.0,10.0,,,"6 | 7, 2º andar | quadrante 1",,3,
Spartacus,2018-01-17,,14,50.0,30.0,184,,"6 | 7, 2º andar | quadrante 3",,8,
Spartacus,2018-01-18,,11,10.0,10.0,,,"6 | 7, 2º andar | quadrante 1",,7,
Spartacus,2018-01-19,,15,20.0,15.0,196,,"6 | 3, 2º andar | gobelet",,5,
Spartacus,2018-01-31,,9,10.0,10.0,214,,"6 | 7, 2º andar | quadrante 3",,8,
Spartacus,2018-02-02,,6,10.0,5.0,288,,"6 | 7, 2º andar | quadrante 3",,6,
Spartacus,2018-02-12,,8,10.0,10.0,238,,"6 | 7, 2º andar | quadrante 3",,8,
Sultão,2020-07-17,,22,35.0,30.0,,,"7 | 6, 2º andar | hexagono",,22,
Sultão,2020-07-19,,25,10.0,10.0,,,,,25,
Sultão,2020-07-23,,39,10.0,5.0,,,,,39,
Sultão,2020-07-26,,33,20.0,10.0,,,,,33,
Sultão,2020-07-30,,38,10.0,5.0,,,,,38,
Sultão,2020-08-02,,19,10.0,5.0,,,,,19,
Sultão,2020-08-06,,30,15.0,10.0,,,"8 | 2, 2º andar | quadrante 1",,30,
Sultão,2020-08-07,,29,10.0,5.0,,,,,29,
Sultão,2020-08-14,,28,,,,,"7 | 10, 1º andar | quadrante 2",,28,
Sultão,2020-08-16,,22,,,,,,,22,
Tarif Tai,2025-05-05,,73,70.0,,247,4,,,73,
Tarif Tai,2025-05-06,,48,70.0,,191,4,,,48,
Tarif Tai,2025-05-07,,35,70.0,,170,4,,,35,
Tarif Tai,2025-04-08,,36,70.0,,256,4,,,36,
Tarif Tai,2025-05-09,,22,,,,4,,,22,
Tarif Tai,2025-05-10,,35,70.0,,,4,,,35,
Tarif Tai,2025-05-10,,24,70.0,,242,4,,,24,
Tarif Tai,2025-05-11,,39,70.0,,178,4,,,39,
Tarif Tai,2025-05-12,,24,70.0,,191,4,,,24,
Tarif Tai,2025-05-13,,48,70.0,,191,4,,,48,
Tejo,,Varios HDLG 2020,102,,,,,,,38,
Totality,2016-04-18,,57,75.0,50.0,117,4,"4 | 1, 2º andar | quadrante 1",,45,
Totality,2016-04-22,,75,70.0,50.0,142,4,"4 | 1, 2º andar | quadrante 4",,61,
Totality,2016-04-28,,59,75.0,55.0,267,4,"4 | 5, 2º andar | quadrante 4",,49,
Totality,2016-04-30,,74,50.0,30.0,,4,"4 | 5, 2º andar | quadrante 1",,70,
Totality,2016-05-03,,115,70.0,50.0,255,4,"4 | 5, 2º andar | quadrante 3",,111,
Totality,2016-05-04,,57,50.0,40.0,216,4,"2 | 7, 1º andar | quadrante 2",,57,
Totality,2016-05-05,,45,55.0,50.0,244,4,"2 | 7, 1º andar | quadrante 3",,45,
Totality,2016-05-06,,35,60.0,50.0,174,4,"6 | 6, 2º andar | hexagono",,35,
Totality,2016-05-07,,34,65.0,50.0,284,4,"5 | 3, 1º andar | quadrante 1",,34,
Uivador da Broa,2014-04-02,,52,,,,10,3 | 8 1º andar | quadrante 1,,39,
Uivador da Broa,2014-04-03,,132,,,,10,3 | 8 1º andar | quadrante 3,,100,
Uivador da Broa,2014-04-02,,86,,,,10,3 | 8 1º andar | quadrante 1,,86,
Uivador da Broa,2014-04-03,,158,,,,10,3 | 8 1º andar | quadrante 4,,158,
Un Krug Efele,2017-10-02,,28,40.0,30.0,248,15,"5 | 3, 2º andar | 2 gobelets",,16,
Un Krug Efele,2017-10-03,,23,30.0,20.0,,15,"5 | 3, 2º andar | quadrante 4",,7,
Un Krug Efele,2017-10-04,,38,40.0,35.0,,15,"5 | 3, 2º andar | quadarnte 2",,8,
Un Krug Efele,2017-10-05,,30,35.0,20.0,354,15,"5 | 3, 2º andar | quadrante 3",,4,
Un Krug Efele,2017-10-06,,20,25.0,20.0,,15,,,20,
Unico,,15-09.,31,,,,,,,5,
Unico,,23-09.,7,,,,,,,7,
Vergueiro,2020-09-14,,39,,,,,,,39,
Vergueiro,2020-09-16,,56,,,,,,,56,
Vergueiro,2020-09-19,,51,,,,,,,51,
Vergueiro,2020-09-21,,48,,,,,,,48,
Vergueiro,2020-09-23,,30,,,,,,,30,
Vergueiro,2020-09-25,,49,,,,,,,49,
Vigoroso da Broa,2020-11-02,,40,70.0,60.0,156,8,,,36,
Vigoroso da Broa,2020-11-04,,30,70.0,60.0,209,8,,,10,
Vigoroso da Broa,2020-11-06,,31,70.0,60.0,282,8,,,31,
Vigoroso da Broa,2020-11-09,,34,50.0,45.0,236,8,,,34,
Viper,2025-02-07,,37,65.0,,,6,,,37,
Xacal,,Várias,768,,,,5,"2 e 6 | 2, 2º andar/8, 2º andar",,187,
Zaire,2015-04-13,,52,,,,8,,,46,
Zaire,,14/04/2015 b,77,,,,8,"6 | 7, 1º andar | quadrante 2",,72,
Zaire,2015-04-14,,67,,,,8,"6 | 7, 1º andar | quadrante 2",,59,
Zaire,2015-04-15,,92,,,,8,"1 | 6, 1º andar | gobelet",,84,
Zaire,2015-04-16,,68,,,,8,"3 | 5, 2º andar | quadrante 4",,24,
Zaire,,17/04/2015 b,67,,,,8,,,24,
Zaire,2015-04-17,,65,,,,8,"3 | 5, 2º andar | quadrante 4",,5,
Zaire,,18/04/2015 b,71,,,,8,"3 | 5, 2º andar | quadrante 1",,39,
Zaire,2015-04-18,,62,,,,8,,,55,
Zaire,,19/04/2015 b,70,,,,8,,,43,
Zaire,2015-04-19,,56,,,,8,,,36,
Zaire,2015-04-21,,75,,,,8,"3 | 5, 2º andar | quadrante 1",,35,
Zaire,2015-04-22,,70,,,,8,"6 | 7, 1º andar | quadrante 4",,52,
Zaire,2015-04-23,,75,,,,8,,,65,
Zaire,2015-04-24,,74,,,6,8,"7, 1º andar | quadrante 2",,54,
Zaire,2015-04-25,,82,,,3,8,"3, 2º andar | quadrante 3",,68,
Zaire,2015-04-26,,65,,,3,8,"3, 2º andar | quadrante 3",,54,
Zimbro,2019-02-13,,36,30.0,20.0,188,8,"6 | 9, 2º andar | quadrante 1",,16,
Zimbro,2019-02-15,,41,35.0,30.0,168,8,"6 | 9, 2º andar | quadrante 1",,23,
Zimbro,2019-02-18,,35,25.0,15.0,228,8,"6 | 9, 2º andar | quadrante 1",,18,
Zimbro,2019-02-20,,14,20.0,15.0,128,8,"6 | 9, 2º andar | quadrante 1",,6,
Zimbro,2019-03-05,,41,30.0,30.0,222,8,"5 | 7, 1º andar | quadrante 4",,41,
Zircon,2018-02-15,,20,45.0,35.0,208,6,"2 | 2, 2º andar",,20,
Zircon,2018-02-16,,16,15.0,15.0,130,6,"2 | 2, 2º andar",,16,
Zircon,2018-02-17,,14,35.0,25.0,202,6,"2 | 2, 2º andar",,14,
Zircon,2018-02-18,,23,20.0,15.0,184,6,"2 | 2, 2º andar",,23,
Zircon,2017-12-27,,42,40.0,30.0,190,6,"1 | 4, 1º andar | gobelet e haxagono",,42,
Zunido,,Espanha,,,,,,,,24,
Joco,,Porto,90,,,,,"1 | 5, 2º andar | quadrantes 3, 4",,90,
IRS,,França,,,,,,"4 | 5, 2º andar | quadrante 2",,50,
Espirito,,,,,,,,"4 | 5, 1º andar | hexagono",,46,
vilheste,,Lusopecus,16,,,,,,,16,
Vaidoso,,,14,,,,,,,14,
Util,,,1,,,,,,,1,
BrandyMel,,,5,,,,,"2 | 1, 1º andar | gobelet",,5,
Relampago do Retiro,,,,,,,,,,1,
Vencedor do Retiro,,,,,,,,,,13,
D. Quixote,,,118,40.0,35.0,242,,"3 | 3, 1º andar | quadrante 2, 3",,118,
Deltox,,,30,,,,2,"7 | 4, 2º andar | quadrante 3",,25,
Madrigal,,,22,,,,6,"7 | 4, 2º andar | quadrante 1",,22,
Madrigal,,,,,,,6,8,,280,
Farol JC,,,18,,,,5,,,18,
Douro AR,,,29,,,,,,,5,
Duelista,,,3,,,,,"2 | 1, 2º andar | gobelet",,3,
Nepomuk,,,55,,,,6,"4 | 10, 1º andar | quadrante 4",,17,
Nepomuk,2022-11-05,,38,65.0,50.0,340,6,"10 | 2, 2º andar | quad 2",,28,
Nepomuk,2022-11-03,,33,45.0,40.0,171,6,"10 | 4, 2º andar | quad 1",,33,
Nepomuk,2022-11-07,,39,50.0,40.0,266,6,"4 | 6, 2º andar | quadrante 3",,33,
Nepomuk,2022-11-08,,35,45.0,35.0,280,6,"2 | 4, 1º andar | quadrante 3",,35,
Gepard de Breka,,,18,,,,2,"6 | 10, 1º andar | 1 hexagono",,18,
Toto jr,,,5,,,,1,"6 | 10, 1º andar | gobelet",,5,
Zonick,,,16,,,,2,,,16,
Reverly,,,5,,,,,"6 | 10, 2º andar | gobelet",,5,
Chilli Willy,,,3,,,,1,"6 | 10, 2º andar",,3,
Baloubet du Rouet,,,,,,,,"2 | 2, 1º andar | gobelet",,2,
Zuelo,,,9,,,,,,,9,
Poderoso,,,9,,,,,,,9,
Latino,,,6,,,,,,,16,
Galopin,,,8,,,,,,,8,
Kannan,,Especial,,,,,,"3 | 9, 2º andar | hexagono",,18,
Gladiador,,16.11.18,11,55.0,40.0,,6,,,11,
Gladiador,,19.11.19,86,45.0,40.0,208,6,"4 | 6, 2º andar | quadrante 4",,83,
Gladiador,,21.11.18,86,50.0,45.0,136,6,"4 | 2, 2º andar | quadrante 3",,83,
Gladiador,,23.11.18,55,20.0,15.0,224,6,,,55,
Gladiador,,29.11.18,97,30.0,20.0,320,6,"7 | 2, 1º andar | quadrante 1",,97,
Gladiador,,,,,,,,,,329,
Gladiador,,,,,,,,,,329,
mahatador,,,,,,,,"1 | 3, 1º andar | quadrantes 1 e 4",,114,
Assírio,,,,,,,,"1 | 6, 1º andar | quadrante 2",,27,
Re-Eleito,,Epi,72,,,,6,"5 | 1, 2º andar | quadrante 2, 3",,72,
Vitinha,2018-03-04,,33,55.0,40.0,176,,"1 | 8, 1º andar | quadrante 4",,24,
Unico MM,2018-06-22,,36,30.0,20.0,150,,"1 | 5, 1º andar | quadrante 1",,36,
Unico MM,2018-06-23,,30,30.0,20.0,110,,"1 | 5, 1º andar | quadrante 1",,30,
Unico MM,2018-06-24,,22,30.0,20.0,162,,"1 | 5, 1º andar | quadrante 1",,22,
Don Rico,2018-07-13,,12,25.0,20.0,164,8,"1 | 5, 1~andar | quadrante 4",,12,
Don Rico,2018-07-16,,68,25.0,20.0,300,8,"1 | 5, 1º andar | quadrante 4",,28,
Don Rico,2018-07-18,,20,45.0,40.0,230,8,"1 | 5, 1º andar | quadrante 3",,20,
Don Rico,2018-07-20,,26,45.0,35.0,246,8,"1 | 5, 1 andar | quadrante 2",,26,
Don Rico,2018-07-23,,15,35.0,20.0,236,8,"1 | 5, 1º andar | quadrante 3",,15,
Don Rico,2018-07-25,,21,50.0,40.0,154,8,"1 | 5, 1 andar | quadrante 2",,21,
Don Rico,2018-07-27,,40,45.0,35.0,264,8,"1 | 9, 2º andar | quadrante 4",,19,
Don Rico,2018-07-30,,53,45.0,35.0,148,8,"1 | 9, 2º andar | quadrante 2",,26,
Don Rico,2018-08-01,,13,40.0,30.0,184,8,"1 | 9, 2º andar | gobelet",,13,
Don Rico,,04-08-2018- epi,84,45.0,35.0,302,8,"1 | 9, 2º andar | quadrante 3",,60,
Dante,,,53,,,,,"1 | 2, 1º andar | quadrante 4",,53,
Iceberg,,,,,,,2,,,20,
Frasquete,,,,,,,,"1 | 2, 2º andar | hexagono",,19,
Open Maestro,,,,,,,,"1 | 3, 2º andar | hexagono",,15,
Belo da Foz,,,,,,,,"3 | 6, 2º andar | 2 hexagonos",,74,
Cherribalou,2019-05-24,,38,,,,,"2 | 6, 2º andar | gobelet",,37,
Cherribalou,2019-05-24,,24,,,,,"2 | 6, 2º andar | gobelet",,17,
Cherribalou,2020-06-17,,30,50.0,45.0,,,"7 | 6, 2º andar | hexagono",,30,
Cherribalou,2020-06-19,,34,60.0,45.0,,,"7 | 10, 2º andar | quadrante 4",,34,
Cherribalou,2020-06-23,,42,,,,,,,42,
Cherribalou,2020-06-26,,63,,,,,,,63,
Cherribalou,2020-07-30,,41,,,,,"7 | 2, 2º andar | quadrante 2",,41,
Cherribalou,2020-07-02,,43,,,,,"4 | 2, 2º andar | quadrante 4",,43,
Cherribalou,2020-08-06,,36,40.0,35.0,164,,"7 | 10, 1º andar | quadrante 3",,36,
Cherribalou,2020-08-14,,27,,,,,"7 | 10, 1º andar | quadrante 4",,27,
Cherribalou,2020-08-21,,48,,,,,"1 | 1, 2º andar | quadrante 1",,48,
Cherribalou,2020-08-24,,30,70.0,65.0,213,,"7 | 9, 1º andar | quadrante 4",,30,
Cherribalou,2020-07-29,,29,60.0,55.0,222,,,,29,
Cherribalou,2020-07-30,,27,,,,,"7 | 7, 1º andar | quadrante 4",,27,
Cherribalou,2020-07-31,,28,75.0,70.0,208,,,,28,
Cherribalou,2020-08-01,,33,,,,,"3 | 2, 2º andar | hexagono",,33,
Cherribalou,2020-08-02,,46,70.0,60.0,,,"4 | 2, 2º andar | quadrante 3",,46,
Cherribalou,2020-09-16,,40,60.0,50.0,,,"7 | 6, 1º andar | quadrante 1",,40,
Cherribalou,2020-09-19,,36,,,,,"2 | 10, 2º andar | quadrante 4",,36,
Cherribalou,2020-09-21,,38,,,,,"2 | 10, 2º andar | quadrante 3",,38,
Cherribalou,2020-09-23,,58,50.0,40.0,206,,"7 | 5, 2º andar | quadrante 2",,58,
Cherribalou,2020-09-25,,23,40.0,40.0,236,,"7 | 6, 1º andar | quadrante 2",,23,
Cherribalou,2020-09-28,,30,60.0,50.0,257,,"7 | 9, 2º andar | hexagon",,22,
Cherribalou,2020-09-30,,31,70.0,60.0,152,,,,31,
Cherribalou,2020-10-01,,37,60.0,55.0,202,,"3 | 2, 2º andar | hexagono",,37,
Cherribalou,2020-10-05,,36,35.0,35.0,239,,"3 | 9, 2º andar | hexagono",,36,
Cherribalou,2020-10-07,,49,45.0,40.0,251,,"3 | 9, 2º andar | quadrante 4",,49,
Cherribalou,2020-10-12,,22,60.0,55.0,230,,"7 | 6, 1º andar | quadrante 1",,22,
Cherribalou,2020-10-14,,35,,,,,"5 | 10, 1º andar | hexagono",,35,
Cherribalou,2020-10-16,,50,60.0,50.0,193,,,,50,
Do Zaire,2022-09-29,,23,40.0,30.0,100,6,"9 | 3, 2º andar | quad 2",,23,
Do Zaire,2022-10-12,,73,40.0,35.0,272,6,"6 | 7, 2º andar | quadrante 2",,73,
Do Zaire,2022-10-13,,65,50.0,40.0,240,6,"8 | 2, 2º andar | quad 4",,65,
Do Zaire,2022-10-14,,91,50.0,40.0,152,6,"9 | 2, 2º andar | quad 2",,91,
Do Zaire,2022-10-15,,51,65.0,55.0,212,6,"10 | 6, 2º andar | quad 2",,51,
Nicola,2022-10-09,,50,30.0,25.0,,8,"4 | 9, 2º andar | quadrante 4",,50,
Nicola,2022-10-12,,32,35.0,25.0,220,8,"5 | 4, 2º andar | quad 1",,32,
Nicola,2022-10-13,,58,40.0,30.0,240,8,"2 | 9, 2º andar | quadrante 3",,58,
Nicola,2022-10-14,,58,15.0,85.0,260,8,"9 | 2, 2º andar | quad 4",,58,
Nicola,2022-10-15,,35,50.0,40.0,220,8,"4 | 5, 2º andar | quadrante 3",,35,
Nicola,2022-10-16,,59,45.0,35.0,216,8,"2 | 10, 1º andar | quadrante 2,3",,59,
Nicola,2022-10-17,,56,35.0,25.0,212,8,"10 | 6, 2º andar | quad 4",,56,
Nicola,2022-10-18,,74,30.0,20.0,244,8,"3 | 9, 2º andar | quadrante 4",,74,
Nicola,2022-10-19,,40,55.0,45.0,192,8,"7 | 4, 2º andar | quadrante 4",,40,
Nicola,2022-10-20,,43,35.0,35.0,260,8,"10 | 2, 2º andar | quad 4",,43,
Nicola,2022-10-21,,76,30.0,25.0,236,8,"10 | 2, 2º andar | quad 1",,76,
Óscar,2022-11-17,,19,35.0,25.0,,,,,19,
Óscar,2022-10-17,,41,50.0,40.0,264,,,,41,
Oporto FBC,2022-09-04,,59,35.0,30.0,300,,,,59,
Oporto,2022-08-25,,48,35.0,30.0,,,"2 | 10, 1º andar | quadrante 1",,28,
Oporto,2022-08-26,,42,30.0,20.0,196,,"9 | 3, 2º andar | quad 2",,13,
Oporto,2022-08-27,,32,40.0,30.0,212,,"6 | 9, 2º andar | quadrante 3",,10,
Oporto,2022-08-30,,54,35.0,60.0,360,,"10 | 6, 1º andar | quad 3",,10,
Oporto,2022-08-31,,52,40.0,35.0,312,,"2 | 10, 2º andar | quadrante 4",,17,
Oporto,2022-09-02,,61,35.0,25.0,240,,"2 | 4, 1º andar | quadrante 4",,44,
Oporto,2022-09-03,,38,50.0,40.0,420,,"4 | 9, 2º andar | quadrante 3",,26,
Licor da Toula,2022-04-08,,181,1980.0,,221,8,,,161,
Ramalhete Embriovet,2022-04-11,,23,,,,8,"10 | 3, 2º andar | quad 3",,23,
Ramalhete Embriovet,2022-04-12,,18,40.0,40.0,,8,"10 | 4, 1º andar | quad 2",,18,
Ramalhete Embriovet,2022-04-13,,16,45.0,40.0,155,8,"8 | 8, 2º andar | quad 2",,16,
Ramalhete Embriovet,2022-04-14,,39,,,,8,"2 | 8, 2º andar | quadrante 3",,39,
Ramalhete Embriovet,2022-04-15,,11,50.0,45.0,144,8,"7 | 7, 1º andar | quadrante 4",,11,
Ramalhete Embriovet,2022-04-16,,12,,,,8,"1 | 9, 1º andar | 2º quadrante",,12,
Ramalhete Embriovet,2022-04-17,,18,,,,8,"6 | 10, 2º andar | quadrante 2",,18,
Ramalhete Embriovet,2022-04-18,,26,,,,8,"4 | 4, 1º andar | quadrante 4",,26,
Ramalhete Embriovet,2022-04-19,,22,,,,8,,,22,
Ramalhete Embriovet,2022-04-20,,20,,,,8,"10 | 4, 2º andar | quad 2",,20,
Ramalhete Embriovet,2022-04-21,,28,,,,8,"7 | 10, 2º andar | quadrante 1",,28,
Ramalhete Embriovet,2022-04-22,,35,,,,8,"1 | 5, 2º andar | 2º quadrante",,35,
Ramalhete Embriovet,2022-04-23,,20,,,,8,"4 | 8, 2º andar | quadrante 3",,20,
Ramalhete Embriovet,2022-04-24,,25,,,,8,"10 | 2, 1º andar | quad 4",,25,
Ramalhete Embriovet,2022-04-25,,38,,,,8,"10 | 2, 1º andar | quad 2",,38,
Ramalhete Embriovet,2022-04-26,,17,,,,8,"10 | 2, 1º andar | quad 1",,17,
Jacobino,2022-10-07,,56,55.0,45.0,224,6,,,56,
Jacobino,2022-10-10,,35,40.0,35.0,238,6,,,35,
Jacobino,2022-10-12,,19,40.0,35.0,150,6,,,19,
Jacobino,2022-10-14,,45,45.0,35.0,220,6,,,45,
Jacobino,2022-10-17,,46,55.0,45.0,284,6,,,46,
Jacobino,2022-10-19,,27,40.0,30.0,276,6,,,27,
Diamant,,Agrovarandas,6,,,,1,,,4,
Ramalhete OC,2022-04-27,,24,40.0,30.0,168,8,"2 | 2, 2º andar | 4º quadrante",,24,
Ramalhete OC,2022-04-28,,32,55.0,45.0,187,8,"9 | 5, 2º andar | quad 1",,32,
Ramalhete OC,2022-04-29,,38,55.0,45.0,224,8,"2 | 7, 2º andar | quarante 4",,38,
Ramalhete OC,2022-04-30,,31,45.0,35.0,200,8,"3 | 10, 2º andar | quadrante 1",,31,
Ramalhete OC,2022-05-01,,44,45.0,35.0,352,8,"12 | 1, 2º andar | quad 1",,32,
Ramalhete OC,2022-05-02,,57,,,,8,"12 | 1, 2º andar | quad 3",,38,
Ramalhete OC,2022-05-03,,44,45.0,35.0,29,8,"12 | 1, 1º andar | quad 1",,28,
Ramalhete OC,2022-05-04,,44,,,,8,"12 | 1, 1º andar | quad 3",,36,
Ramalhete OC,2022-05-05,,27,35.0,25.0,168,8,"12 | 2, 1º andar | quad 1",,27,
Ramalhete OC,2022-05-06,,40,45.0,35.0,115,8,"10 | 1, 1º andar | quad 4",,40,
Ramalhete OC,2022-05-07,,25,55.0,45.0,288,8,"10 | 2, 1º andar | quad 1",,25,
Rolex,2021-10-21,,107,,,,,,,87,
Ofensor,2022-12-22,,30,40.0,30.0,237,6,,,5,
Ofensor,2022-12-24,,34,15.0,10.0,210,6,,,34,
Ofensor,2022-12-26,,31,20.0,15.0,263,6,,,31,
Ofensor,2022-12-27,,20,20.0,15.0,263,6,,,20,
Ofensor,2022-12-28,,46,20.0,15.0,100,6,,,36,
Ofensor,2022-12-29,,10,,,,6,,,8,
Ofensor,2022-12-12,,16,30.0,20.0,217,6,,,10,
Ofensor,2022-12-15,,25,30.0,20.0,211,6,,,17,
Ofensor,2022-12-16,,29,40.0,30.0,322,6,,,7,
Ofensor,2022-12-21,,18,35.0,30.0,181,6,,,10,
Ofensor,2022-12-23,,40,50.0,40.0,206,6,,,3,
Ofensor,2023-01-02,,40,40.0,,178,6,,,33,
Ofensor,,03.01.23,20,40.0,35.0,264,6,5 | 3,,20,
Ofensor,,04.01.23,36,35.0,30.0,181,6,,,36,
Ofensor,,05.01.23,33,35.0,30.0,101,6,,,33,
Ofensor,,06.01.23,40,40.0,35.0,250,6,6 | 1,,40,
Ofensor,,07.01.23,38,35.0,30.0,280,6,2 | 4,,38,
Ofensor,,08.01.23,33,35.0,30.0,204,6,4 | 8,,33,
Ofensor,,09.01.23,33,35.0,30.0,115,6,10 | 1,,33,
Ofensor,,10.01.23,28,45.0,30.0,280,6,6 | 1,,28,
Ofensor,,11.01.23,31,40.0,35.0,135,6,9 | 2,,31,
Ofensor,,12.01.23,39,45.0,30.0,280,6,4 | 7,,39,
Ofensor,,13.01.23,32,40.0,30.0,112,6,9 | 2,,32,
Ofensor,,14.01.23,33,45.0,30.0,205,6,6 | 1,,33,
Ofensor,,15.01.23,58,35.0,30.0,207,6,9 | 2,,58,
Ofensor,,16.01.23,22,30.0,30.0,328,6,3 | 7,,22,
Neptuno das Faias,2022-12-19,,32,15.0,10.0,224,10,"9 | 5, 2º andar | quad 3",,31,
Neptuno das Faias,2022-12-20,,37,35.0,25.0,312,10,"9 | 2, 2º andar | quad 3",,37,
Neptuno das Faias,2022-12-21,,25,35.0,25.0,224,10,"12 | 2, 1º andar | quad 4",,25,
Neptuno das Faias,2022-12-22,,36,25.0,15.0,320,10,"6 | 3, 2º andar | quadrante 1",,36,
Neptuno das Faias,2022-12-23,,49,35.0,25.0,257,10,"12 | 2, 1º andar | quad 1",,49,
Neptuno das Faias,2022-12-24,,48,30.0,20.0,320,10,"12 | 2, 2º andar | quad 3",,48,
Neptuno das Faias,2022-12-26,,21,20.0,10.0,220,10,"12 | 3, 1º andar | quad 4",,21,
Neptuno das Faias,2022-12-27,,25,30.0,20.0,280,10,"12 | 3, 1º andar | quad 3",,25,
Neptuno das Faias,2022-12-28,,32,30.0,20.0,219,10,"3 | 9, 2º andar | quadrante 1",,32,
Neptuno das Faias,2022-12-29,,39,,,,10,"7 | 6, 2º andar | quadrante 1",,39,
Neptuno das Faias,2022-12-30,,39,1980.0,,176,10,,,39,
Poema,2023-02-09,,19,40.0,30.0,256,8,,,19,
Poema,2023-02-10,,34,35.0,25.0,202,8,,,13,
Poema,2023-02-13,,30,45.0,40.0,192,8,,,30,
Poema,2023-02-16,,35,45.0,40.0,192,8,,,35,
Poema,2023-02-17,,21,45.0,40.0,266,8,,,21,
Poema,2023-02-18,,32,35.0,35.0,225,8,,,28,
Poema,2023-02-19,,35,40.0,30.0,260,8,,,31,
Odin,2023-02-10,,35,70.0,60.0,176,,,,1,
Odin,2023-02-18,,58,50.0,45.0,260,,,,7,
Odin,2023-02-19,,36,70.0,60.0,223,,,,2,
Odin,2023-02-22,,51,,,,,,,1,
Odin,2023-02-24,,36,,,,,,,11,
Odin,,Espanha,,,,,,,,112,
L-Chatender Hermida,,17/02/2023A,82,70.0,60.0,250,,,,76,
L-Chatender Hermida,,17/02/2023B,22,80.0,70.0,244,,,,22,
Istambul,2024-03-12,,,,,,,,,68,
Perdigão Peramanca,2026-01-02,,62,35.0,30.0,192,,3 | 10,,62,
Perdigão Peramanca,2025-12-04,,58,30.0,25.0,161,,13 | 1,,58,
Perdigão Peramanca,2025-12-05,,48,40.0,30.0,187,,10 | 6,,48,
Pacifico lagesse,,26.12.25,58,60.0,55.0,284,4,6 | 6,,58,
Pacifico lagesse,,27.12.25,45,70.0,60.0,299,4,,,45,
Pacifico lagesse,,28.12.25,94,55.0,45.0,270,4,5 | 3,,94,
Pacifico lagesse,,29.12.25,149,70.0,60.0,271,4,10 | 5,,149,
Pacifico lagesse,,30.12.25,102,70.0,60.0,293,4,,,102,
Pacifico lagesse,,02.01.26,96,65.0,55.0,220,4,3 | 6,,96,
Pacifico lagesse,,03.01.26,69,50.0,40.0,,4,3 | 4,,69,
Pacifico lagesse,,04.01.26,110,55.0,45.0,300,4,2 | 2,,110,
Pacifico lagesse,,05.01.26,93,35.0,30.0,337,4,2 | 3,,93,
Pacifico lagesse,,06.01.26,39,70.0,60.0,246,4,6 | 1,,39,
Pacifico lagesse,,07.01.26,25,50.0,50.0,236,4,3 | 7,,25,
Pacifico lagesse,,08.01.26,73,55.0,45.0,328,4,1 | 2,,73,
Pacifico lagesse,,09.01.26,107,55.0,45.0,,4,6 | 9,,107,
Pacifico lagesse,,10.01.26,58,65.0,55.0,350,4,3 | 7,,58,
Obélix,,28.01.26,42,45.0,40.0,140,,C13C6,,42,
Obélix,,29.01.26,51,30.0,20.0,214,,C3C1,,51,
Obélix,,30.01.26,41,45.0,40.0,212,,C13C6,,41,
Obélix,,31.01.26,51,30.0,20.0,267,,C8C8,,51,
